disease_id	phenotype_id	qualifier	evidence	onset	frequency	sex	modifier	aspect	publication	description
			PCS		1/2			P		
			PCS		1/1			P		
			PCS		2/2			P		
			PCS		1/2			C		
			PCS					I		
			PCS					P		
			TAS					P		
			PCS		0/2			P		
			TAS		HP:0040283			P		
			PCS		1/1			C		
			PCS		3/8			P		
			PCS		1/8			P		
			PCS		7/8			P		
			PCS		4/8			P		
			PCS		5/8			C		
			PCS		2/8			P		
			PCS		1/8			C		
			PCS		8/8			P		
			PCS		5/8			P		
			TAS					I		
			PCS		2/8			C		
			IEA					P		
			IEA					I		
			IEA					C		
			PCS	HP:0003593	1/1	FEMALE		P		
			PCS	HP:0003593	2/2			P		
			PCS		3/3			C		
			PCS	HP:0003593	1/2			P		
			TAS					C		
			TAS					M		
			TAS	HP:0011462	16/18			P		
			PCS		2/18			P		
			PCS		4/18			P		
			PCS	HP:0003581	18/18			P		
			PCS		18/18			C		
			PCS		18/18			P		
			PCS		5/11			C		
			PCS		7/11			P		
			PCS		6/11			C		
			PCS		11/11			P		
			PCS		0/11			P		
			PCS		5/11			P		
			PCS		2/3			P		
			PCS	HP:0003577	3/3			P		
			PCS		3/3			P		
			PCS		1/3			P		
			PCS		1/16			P		
			TAS		2/16			P		
			PCS		3/15			P		
			PCS		10/15			P		
			PCS		3/16			P		
			PCS		2/16			P		
			PCS		6/16			P		
			PCS		14/16			P		
			PCS		16/16			C		
			PCS		7/16			P		
			PCS		5/15			P		
			TAS				HP:0012828	P		
			PCS		2/2			C		
			PCS	HP:0011463	1/1			P		
			IEA	HP:0011463	1/1			P		
			PCS		1/7			P		
			PCS		2/7			P		
			PCS		7/7			P		
			PCS		6/6			P		
			PCS		3/5			P		
			PCS		10/10			P		
			PCS		10/10			C		
			PCS	HP:0003577	10/10			P		
			PCS		16/16			P		
			PCS		11/11			C		
			PCS					C		
			PCS		3/9			P		
			PCS		9/9			P		
			PCS		6/9			P		
			PCS		1/9			P		
			PCS	HP:0003593	9/9			P		
			PCS		2/3			C		
			PCS		3/3		HP:0012828	P		
			PCS		1/3			C		
			TAS		20/20			P		
			PCS	HP:0011463				P		
			PCS	HP:0011462				P		
			PCS		1/6			P		
			PCS		8/16			P		
			PCS		8/8			C		
			PCS		0/6			P		
			IEA		HP:0040283			P		
			TAS		HP:0040282			P		
			PCS				HP:0025303	P		
			PCS		HP:0040284			P		
			PCS		HP:0040283			P		
			PCS		12/12			P		
			PCS		6/7			P		
			PCS		2/5			P		
			PCS		11/12			P		
			PCS		4/4			P		
			PCS		1/4			P		
			PCS		2/4			P		
			PCS		4/4			C		
			PCS		3/4			P		
			PCS		2/6			P		
			PCS		7/9			P		
			PCS		4/6			P		
			PCS		2/9			P		
			PCS		5/9			P		
			PCS		5/5			P		
			PCS		4/9			P		
			PCS		1/6			C		
			PCS		5/6			C		
			IEA		HP:0040282			P		
			PCS		4/20			P		
			PCS		1/20			P		
			PCS		3/10			P		
			PCS		3/20			P		
			PCS		5/20			P		
			PCS		2/20			P		
			PCS		9/20			P		
			PCS		20/20			P		
			PCS		2/17			P		
			PCS		6/20			P		
			PCS		6/18			P		
			PCS		8/20			P		
			PCS		11/20			P		
			PCS		5/16			P		
			PCS		11/18			P		
			PCS		105/158			P		
			PCS		23/89			P		
			PCS		17/21			P		
			PCS		3/17			P		
			PCS		9/21			P		
			PCS		13/14			P		
			PCS		3/25			P		
			PCS		56/56			P		
			PCS		11/56			P		
			PCS		3/7			P		
			PCS		7/10			C		
			PCS		0/10			P		
			PCS		7/10			P		
			PCS		5/10			P		
			PCS		4/7			P		
			PCS		3/10			C		
			PCS		5/7			P		
			PCS		0/9			P		
			PCS		6/10			P		
			PCS		23/23			C		
			PCS	HP:0003577	23/23			P		
			PCS		1/23			P		
			PCS		26/26			P		
			PCS		15/23			P		
			PCS		5/23			P		
			PCS		8/12			P		
			PCS		2/15			P		
			PCS		9/11			P		
			TAS	HP:0003584				P		
			PCS		11/14			P		
			PCS		14/14			P		
			PCS	HP:0034197	1/1			P		
			PCS		5/6			P		
			PCS		1/5			P		
			PCS		3/6			P		
			PCS		4/5			P		
			TAS				HP:0012825	P		
			PCS		2/4			C		
			PCS		3/14			P		
			IEA		3/8			P		
			PCS	HP:0003577	5/78			P		
			PCS		16/78			P		
			PCS		5/78			P		
			PCS		31/78			P		
			PCS		27/78			P		
			PCS		8/78			P		
			PCS		6/78			P		
			PCS		72/78			P		
			TAS		18/78			P		
			PCS		16/88			P		
			PCS		9/78			P		
			PCS		30/78			P		
			PCS		7/42			P		
			PCS		37/78			P		
			PCS		5/36			P		
			PCS		10/78			P		
			PCS		15/78			P		
			PCS		7/31			P		
			IEA	HP:0003577				P		
			PCS		22/78			P		
			IEA		1/1			P		
			PCS		6/19			P		
			PCS	HP:0003623	8/14			P		
			PCS		3/13			P		
			IEA		4/5			C		
			PCS		2/14			P		
			PCS		7/15			P		
			PCS		1/5			C		
			PCS		10/19			P		
			PCS		1/14			P		
			PCS		5/14			P		
			PCS		1/13			P		
			PCS		15/15			P		
			PCS		4/14			P		
			PCS		8/13			P		
			PCS	HP:0003623	4/14			P		
			PCS		8/14			P		
			PCS		14/19			P		
			PCS		17/17			P		
			PCS	HP:0003577				P		
			PCS		0/7			P		
			PCS		7/7			C		
			PCS		1/4			H		
			PCS		1/4			C		
			PCS		3/4			C		
			PCS	HP:0003593	1/1			P		
			PCS				HP:0012825	P		
			PCS		1/3	MALE		P		
			PCS		1/4	FEMALE		P		
			TAS		3/3			P		
			PCS	HP:0003577	2/2			P		
			PCS		12/12		HP:0012825	P		
			PCS	HP:0003577	2/2		HP:0012828	P		
			PCS		4/16			C		
			PCS		1/15			P		
			PCS		7/17			P		
			PCS		9/17			P		
			PCS		10/16			C		
			PCS		8/17			P		
			PCS	HP:0003577	1/17			P		
			PCS		1/17			P		
			PCS		2/16			C		
			PCS		13/17			P		
			PCS		14/17			P		
			PCS	HP:0003623	4/17			P		
			PCS		4/17			P		
			PCS		1/7			C		
			PCS		3/7			C		
			PCS		2/7			C		
			TAS	HP:0003623				P		
			PCS		0/4			P		
			TAS		1/9			P		
			PCS		2/9			C		
			PCS		5/9			C		
			TAS		1/4			P		
			IEA		HP:0040284			P		
			PCS	HP:0003623	2/2			P		
			PCS	HP:0011463	1/2			P		
			PCS		48/49			P		
			PCS		49/49			P		
			PCS		11/49			P		
			PCS		45/49			P		
			PCS		17/49			P		
			PCS		36/49			P		
			PCS		22/49			P		
			PCS		34/49			P		
			PCS		37/49			P		
			PCS		7/20			P		
			PCS		41/49			P		
			PCS		21/49			P		
			PCS		18/49			P		
			PCS		51/68			P		
			PCS		4/49			P		
			PCS		38/49			P		
			PCS		43/49			P		
			PCS		13/13			P		
			PCS		4/31			P		
			PCS		4/5			C		
			PCS		1/11			P		
			PCS		4/10			P		
			PCS		2/11			P		
			PCS		4/11			P		
			IEA			MALE		P		
			IEA	HP:0003621				P		
			PCS	HP:0003623	6/6			P		
			TAS		12/20			P		
			PCS		6/6			C		
			PCS	HP:0003581	HP:0040283			P		
			TAS		29/130			P		
			PCS		20/127			P		
			PCS		7/129			P		
			PCS		11/13			P		
			PCS	HP:0030674	1/6			P		
			PCS	HP:0003593	5/5			P		
			PCS	HP:0003621	5/5			P		
			PCS				HP:0012829	P		
			PCS		2/5			C		
			PCS		0/5			P		
			PCS		3/5			C		
			PCS	HP:0011463	8/8			P		
			PCS	HP:0003577	1/1			P		
			PCS		5/5			C		
			PCS		1/1		HP:0025303	P		
			PCS		3/60			P		
			PCS		21/38			P		
			PCS		2/55			P		
			PCS		26/70			P		
			PCS		2/10			C		
			PCS		1/10			C		
			PCS		1/55			P		
			PCS		2/10			P		
			PCS		1/10			P		
			PCS		8/9			P		
			PCS		8/10			P		
			PCS		5/10			C		
			PCS		12/38			P		
			PCS	HP:0011461	2/5			P		
			PCS	HP:0003577	3/5			P		
			PCS	HP:0011461	5/5			P		
			PCS	HP:0003623	3/5			P		
			PCS		15/17			P		
			PCS	HP:0003577	6/6			P		
			PCS	HP:0011461	9/9			P		
			PCS		6/23			P		
			PCS		2/23			P		
			PCS		23/23			P		
			PCS		3/4		HP:0012825	P		
			TAS		1/1			P		
			PCS		3/3		HP:0003676	P		
			PCS		11/13			C		
			PCS		3/3		HP:0012829	P		
			PCS	HP:0003577	2/3			P		
			PCS		7/14			P		
			PCS	HP:0003577	1/14			P		
			PCS	HP:0003577	9/13			P		
			PCS		9/10			P		
			PCS		12/15			P		
			PCS		12/15			C		
			PCS	HP:0003623				P		
			PCS		0/3			P		
			PCS		2/3		HP:0031796	P		
			PCS		8/19			C		
			PCS		26/28			P		
			PCS		3/19			C		
			PCS		16/18			P		
			PCS		5/18			P		
			TAS				HP:0012826	P		
			PCS	HP:0003581	2/7			P		
			IEA		1/2			C		
			TAS			MALE		I		
			TAS			FEMALE		I		
			PCS		9/13			P		
			PCS		8/14			C		
			PCS		3/9			C		
			PCS		3/14			C		
			PCS		0/14			P		
			PCS		HP:0040280			P		
			PCS		2/2		HP:0012829	P		
			PCS	HP:0011463	5/5			P		
			PCS	HP:0003593	8/8			P		
			PCS		58/58			P		
			PCS		12/58			C		
			PCS		7/58			P		
			PCS		6/13			P		
			PCS		46/58			C		
			PCS		12/58			P		
			PCS		1/58			P		
			PCS		31/58			P		
			PCS	HP:0003581	33/35			P		
			PCS		33/58			P		
			PCS		2/58			P		
			PCS		16/58			P		
			PCS		9/28			P		
			PCS		2/28			P		
			TAS	HP:0003581				P		
			PCS		10/28			P		
			PCS		20/28			P		
			PCS		11/15			P		
			TAS	HP:0003577				P		
			PCS		4/7			C		
			PCS		7/7		HP:0012828	P		
			PCS		5/17			P		
			PCS		6/14			P		
			PCS		21/21			P		
			PCS		17/18			C		
			PCS		16/20			P		
			PCS		1/18			C		
			PCS		0/20			P		
			PCS		0/18			P		
			PCS		15/20			P		
			PCS		9/19			P		
			IEA		1/1			C		
			PCS		1/1			H		
			PCS	HP:0003577	2/5	MALE		P		
			PCS		7/7	MALE		P		
			PCS		1/5	MALE		P		
			PCS		2/5	MALE		P		
			PCS		5/5	MALE		P		
			PCS		1/3		HP:0012825	P		
			PCS	HP:0025709	1/1			P		
			PCS	HP:0025710	1/1			P		
			TAS	HP:0003577	6/6			P		
			PCS	HP:0003623	2/3			P		
			PCS	HP:0011463	10/14			P		
			IEA	HP:0011463				P		
			PCS		12/14			P		
			TAS		4/15			P		
			PCS		4/15			P		
			PCS		22/31			P		
			PCS		12/22			P		
			IEA		10/22			P		
			PCS		17/22			P		
			PCS		9/22			P		
			PCS		20/22			P		
			PCS		21/30			P		
			PCS		16/22			P		
			PCS		22/22			P		
			PCS		14/22			P		
			PCS		4/22			P		
			PCS		1/21			P		
			PCS		18/22			P		
			PCS		5/22			P		
			PCS		15/22			P		
			PCS		7/22			P		
			PCS		1/22			P		
			PCS		1/12	MALE		P		
			PCS		12/20			P		
			PCS		0/1			P		
			PCS	HP:0011463	2/2			P		
			PCS	HP:0003581	2/2			P		
			TAS		2/2			P		
			PCS		0/15			P		
			IEA		2/9			C		
			PCS		7/9			C		
			TAS				HP:0012827	P		
			PCS	HP:0003584				P		
			PCS	HP:0011461	1/1			P		
			IEA	HP:0003623	1/1			P		
			IEA		20/20			P		
			PCS		13/13			C		
			PCS		0/13			P		
			IEA		2/2			P		
			PCS		HP:0040282			P		
			PCS		2/24			C		
			PCS		3/24			C		
			PCS		15/16			P		
			PCS		17/19			P		
			PCS		11/16			P		
			PCS		19/24			C		
			PCS	HP:0011462	1/1			P		
			PCS		10/11			P		
			PCS		1/11			C		
			PCS		8/11			P		
			PCS		HP:0040281			P		
			PCS		4/19			P		
			PCS		11/25			P		
			PCS		4/6			C		
			PCS		17/24			P		
			PCS		2/6			C		
			PCS		8/18			P		
			PCS		11/19			P		
			PCS		6/21			P		
			PCS		5/21			P		
			PCS		17/20			P		
			PCS		4/21			P		
			PCS		27/27			P		
			PCS		20/21			P		
			PCS		19/21			P		
			PCS		3/21			P		
			PCS		20/25			P		
			PCS		1/18			P		
			PCS		25/27			P		
			PCS		26/27			P		
			PCS		7/19			P		
			PCS		2/21			P		
			PCS		10/21			P		
			PCS	HP:0003593	1/3			P		
			PCS		25/27			C		
			PCS		8/27			P		
			PCS		2/27			C		
			PCS		12/27			P		
			TAS			MALE		P		
			PCS		19/24		HP:4000103	P		
			PCS	HP:0011463	4/6			P		
			PCS		3/6			C		
			PCS	HP:0011461	1/4			P		
			PCS	HP:0011461	2/4			P		
			IEA		8/13			P		
			IEA	HP:0003581				P		
			TAS	HP:0003581			HP:0003676	P		
			PCS	HP:0003623	5/5			P		
			PCS		6/8			P		
			IEA		5/6			C		
			PCS		5/13			P		
			PCS		3/12			P		
			PCS	HP:0003577	10/11			P		
			PCS		6/11			P		
			PCS		9/16			P		
			PCS		9/14			P		
			PCS	HP:0003577	6/11			P		
			PCS		3/11			P		
			PCS	HP:0003621	1/14			P		
			PCS		5/29			C		
			PCS		5/15			C		
			PCS		17/18			P		
			PCS		20/30			C		
			PCS		4/13			P		
			PCS		10/15	FEMALE		P		
			PCS		15/15	FEMALE		C		
			PCS		11/11	FEMALE		P		
			PCS		3/4	FEMALE		P		
			PCS		7/17	FEMALE		P		
			PCS	HP:0003577	1/7			P		
			PCS		1/5		HP:0012825	P		
			IEA		3/13			P		
			IEA		3/5			P		
			TAS		14/14			P		
			TAS		14/15			P		
			PCS		1/25			P		
			PCS		5/25			P		
			PCS		7/25			P		
			PCS		10/13			P		
			PCS		7/13			P		
			PCS		2/25			P		
			PCS		8/25			P		
			PCS	HP:0011461	1/5			P		
			PCS		8/24			P		
			PCS		25/33			P		
			PCS		10/16			P		
			PCS		4/28			P		
			PCS		21/35			P		
			PCS		5/19			P		
			PCS		14/23			P		
			PCS		17/25			P		
			PCS		10/15	MALE		P		
			PCS		17/29			P		
			PCS		16/28			C		
			PCS		28/29			P		
			PCS		14/29			P		
			PCS		11/29			P		
			PCS		12/28			C		
			PCS		3/4		HP:0003676	P		
			PCS		3/18			P		
			IEA		19/19			P		
			PCS		12/16			P		
			PCS		98/98			P		
			PCS		12/60			P		
			PCS	HP:0003623	8/8			P		
			PCS		0/8			P		
			PCS	HP:0003623	1/8			P		
			PCS		3/3		HP:0025215	P		
			PCS		1/1			I		
			PCS		7/12			C		
			PCS		2/4	FEMALE		P		
			PCS	HP:0011463	3/3			P		
			PCS		4/10			C		
			PCS		16/17			P		
			PCS		10/18			P		
			PCS		14/18			P		
			PCS		12/13			P		
			PCS		6/12			P		
			PCS	HP:0003577	7/16			P		
			PCS		8/15			P		
			PCS		1/12			P		
			PCS		9/9			C		
			IEA		4/9			P		
			IEA		2/2			C		
			PCS		9/15			P		
			PCS		11/17			P		
			IEA		1/9			P		
			PCS		1/13			C		
			PCS		2/12			P		
			PCS		12/13			C		
			PCS	HP:0011463	HP:0040283			P		
			PCS		60/67			P		
			PCS		133/143			P		
			PCS		131/138			P		
			PCS		13/118			P		
			PCS		129/130			P		
			PCS		43/76			P		
			PCS		32/75			P		
			PCS		71/138			P		
			PCS		27/129			P		
			PCS		72/97			P		
			PCS		99/128			P		
			PCS		59/119			P		
			PCS		4/24			P		
			PCS		35/124			P		
			PCS		54/122			P		
			IEA		2/4			C		
			PCS		5/5		HP:0012829	P		
			PCS	HP:0003577	1/2			P		
			PCS		20/20			I		
			TAS				HP:0003676	P		
			IEA		11/13			P		
			PCS	HP:0011463	3/6			P		
			IEA		1/6			P		
			PCS	HP:0003593	10/10			P		
			PCS		19/20			P		
			PCS		1/6		HP:0012828	P		
			PCS		1/17			C		
			PCS		6/17			P		
			PCS		15/20			C		
			PCS		10/17			P		
			PCS		3/17			C		
			PCS		5/12			P		
			PCS		1/1		HP:0012825	P		
			PCS		0/12			P		
			PCS	HP:0003621	1/1			P		
			PCS		10/12			P		
			IEA					M		
			PCS		12/18			P		
			PCS	HP:0030674	3/3			P		
			PCS	HP:0003623	4/4			P		
			TAS		1/2			P		
			IEA	HP:0003577	2/2			P		
			IEA	HP:0003577	6/6			P		
			PCS	HP:0003577	8/8			P		
			PCS		3/4		HP:0025303	P		
			PCS	HP:0011463	4/12			P		
			PCS		4/12			P		
			PCS	HP:0003577	1/12			P		
			PCS		4/16			P		
			PCS		2/32			P		
			PCS	HP:0003577	1/3			P		
			PCS		19/19			P		
			PCS	HP:0003581	2/10			P		
			PCS	HP:0003621				P		
			PCS		12/24			P		
			PCS		6/24			P		
			PCS		3/24			P		
			PCS		24/24			P		
			PCS		2/24			P		
			PCS		8/22			P		
			PCS		15/24			P		
			PCS		5/24			P		
			PCS		7/24			P		
			PCS		9/24			P		
			PCS		8/21			C		
			PCS		11/21			C		
			IEA		2/9			P		
			PCS		2/18			C		
			PCS	HP:0003581	1/1			P		
			IEA		4/4			C		
			PCS	HP:0003577	3/4			P		
			TAS	HP:0003621				P		
			PCS	HP:0003623	1/1			P		
			PCS		12/17			P		
			PCS		5/16			C		
			PCS		1/16			C		
			PCS		3/16			C		
			PCS		12/26			C		
			IEA		8/15			P		
			IEA		6/15			P		
			PCS		14/15			P		
			PCS		6/15			P		
			IEA		1/3			C		
			PCS		HP:0040283		HP:0012833	P		
			PCS		12/20		HP:0012833;HP:0012833	P		
			PCS		HP:0040280		HP:0012833	P		
			PCS	HP:0003593	HP:0040281		HP:0012833	P		
			PCS		10/28			C		
			PCS		1/28			C		
			PCS		17/28			C		
			PCS		24/29			P		
			PCS	HP:0003593	11/11			P		
			PCS		4/10		HP:0012825	P		
			PCS		4/11			C		
			PCS	HP:0030674	4/11			P		
			PCS	HP:0003623	5/11			P		
			PCS		17/40			P		
			PCS		2/40			P		
			PCS		9/40			P		
			PCS		27/40			P		
			PCS		1/40			P		
			PCS		6/40			P		
			PCS			MALE		P		
			PCS		22/40			P		
			PCS		3/40			P		
			PCS		12/40			P		
			PCS		24/40			P		
			PCS		19/40			P		
			PCS			FEMALE		P		
			PCS	HP:0003581	1/8			P		
			PCS		1/9			C		
			PCS	HP:0003581	9/9			P		
			TAS				HP:0012829	P		
			PCS		4/5	MALE		P		
			PCS		6/7			C		
			PCS		31/31			P		
			PCS		2/31			P		
			PCS		25/31			P		
			PCS		0/31			P		
			PCS		29/31			P		
			PCS		27/31			P		
			PCS		1/1	MALE		P		
			PCS	HP:0011461	1/8			P		
			PCS		4/8			C		
			PCS		6/8			C		
			PCS	HP:0011461	2/2			P		
			PCS		14/14			C		
			PCS		1/35			P		
			PCS		17/35			P		
			PCS		2/35			P		
			PCS		10/14			P		
			PCS	HP:0003577	3/18	FEMALE		P		
			IEA				HP:0012825	P		
			PCS		16/17			C		
			IEA		18/18			P		
			PCS		13/19			P		
			PCS		7/23			P		
			PCS		3/19			P		
			PCS	HP:0011461	1/2			P		
			PCS		1/3		HP:0025303	P		
			TAS		20/20			C		
			TAS		25%			P		
			PCS		35/35			P		
			PCS		15/34			P		
			PCS		14/26		HP:0031796;HP:0031796	P		
			PCS		6/31			P		
			PCS		2/2	MALE		P		
			TAS	HP:0003623	1/1			P		
			PCS	HP:0011463	4/5			P		
			PCS		11/62			P		
			PCS		4/62			P		
			PCS		62/62			P		
			PCS		2/62			P		
			PCS		10/62			P		
			PCS		0/62			P		
			PCS	HP:0003577	30/62			P		
			PCS		60/62			P		
			PCS		12/72			P		
			PCS		7/62			P		
			PCS		22/22			C		
			PCS	HP:0030674				P		
			PCS		7/8			C		
			PCS		5/7			C		
			IEA		3/3			P		
			PCS	HP:0011463	5/6			P		
			PCS	HP:0003593	8/11			P		
			PCS		15/19			P		
			IEA		7/8			P		
			PCS		7/12			P		
			PCS	HP:0030674	2/2			P		
			PCS		0/45			P		
			PCS		45/45			P		
			PCS		2/2		HP:0025377	P		
			PCS		22/27			P		
			PCS		27/27			C		
			PCS		1/27			P		
			PCS		2/27			P		
			PCS		14/27			P		
			PCS		15/27			P		
			PCS		2/13			P		
			PCS		16/19			C		
			PCS		79/105			P		
			PCS		61/71			P		
			PCS		74/82			P		
			IEA	HP:0003577	15/15			P		
			PCS	HP:0011463	10/10			P		
			PCS	HP:0003621	18/18			P		
			PCS	HP:0011463	18/18			P		
			PCS		9/66			P		
			PCS		9/77			P		
			PCS		28/53			P		
			PCS		31/73			P		
			PCS		33/70			P		
			PCS		11/11	MALE		P		
			TAS		HP:0040283		HP:0012825	P		
			PCS	HP:0025708	5/5			P		
			PCS	HP:0003581	5/5			P		
			PCS		4/13			C		
			PCS		9/13			C		
			PCS		9/18			P		
			PCS		28/28			P		
			PCS		1/8	MALE		P		
			PCS		3/3		HP:0012827	P		
			PCS		17/32			P		
			PCS		32/32			P		
			TAS		20/20		HP:0012837	P		
			PCS	HP:0003623	3/3			P		
			PCS		3/12			C		
			PCS		9/12			C		
			TAS		8/8			P		
			PCS		0/23			P		
			PCS	HP:0011463	5/7			P		
			PCS		2/3	MALE		P		
			IEA		7/7			P		
			PCS		1/4		HP:0031796	P		
			PCS		20%			P		
			IEA		4/4			P		
			PCS	HP:0011463	3/4			P		
			PCS		9/12			P		
			PCS		12/12			C		
			PCS		1/5		HP:0012833	P		
			TAS	HP:0003593				P		
			PCS		4/4		HP:0012825	P		
			PCS		3/8			C		
			IEA		5/5			C		
			PCS		2/2		HP:0012825	P		
			PCS		1/1		HP:0025293	P		
			PCS		12/12		HP:0012829	P		
			PCS	HP:0011462	1/2			P		
			PCS		1/29			C		
			PCS		8/29			C		
			PCS		19/29			C		
			PCS		17/24			C		
			PCS		20/24			P		
			PCS		10/24			P		
			PCS		4/24			C		
			PCS		19/24			P		
			PCS		6/6			I		
			PCS		6/6		HP:0012828	P		
			PCS	HP:0003593	1/1		HP:0031135	P		
			PCS	HP:0011463	7/7			P		
			PCS		2/11			C		
			PCS		9/11			C		
			PCS		8/8		HP:0033184	P		
			PCS		10/11			C		
			PCS	HP:0003623	7/11			P		
			PCS		2/6	MALE		P		
			PCS	HP:0003577	4/4			P		
			PCS	HP:0003621	16/16			P		
			PCS	HP:0003623	2/5			P		
			PCS	HP:0011463	3/3		HP:0012832	P		
			PCS		5/6		HP:0031796	P		
			PCS		9/30			P		
			PCS		2/19			P		
			PCS		19/32			P		
			PCS		21/21		HP:0025303	P		
			PCS		8/21			P		
			PCS		25/32			P		
			PCS		7/30			P		
			PCS		17/30			P		
			PCS		2/11		HP:0011010	P		
			PCS		16/32			P		
			PCS		15/28			P		
			PCS		3/3	MALE		P		
			PCS	HP:0003593				P		
			IEA		2/4			P		
			PCS		14/36			P		
			PCS		33/55			P		
			PCS		4/39			P		
			PCS		24/61			P		
			PCS		51/52			C		
			PCS		9/103			P		
			PCS		1/153			P		
			PCS		5/56			P		
			PCS		47/130			P		
			PCS		14/80			P		
			PCS		7/55			P		
			PCS		28/123			P		
			PCS		30/56			P		
			PCS		9/53			P		
			PCS		59/186			P		
			PCS		1/151			P		
			PCS		32/98			P		
			PCS		64/144			P		
			PCS		4/103			P		
			PCS		10/153			P		
			PCS		46/186			P		
			PCS		40/85			P		
			PCS		40/42			P		
			PCS		56/125			P		
			PCS		9/80			P		
			PCS		41/56			P		
			PCS		42/55			P		
			PCS		25/82			P		
			PCS		34/55			P		
			PCS		50/52			P		
			PCS	HP:0003593	2/3			P		
			PCS	HP:0011463	2/3			P		
			PCS	HP:0003621	1/3			P		
			PCS	HP:0003621	1/2			P		
			PCS		8/15			C		
			PCS		13/15			P		
			PCS		2/12			C		
			PCS		1/1	FEMALE		P		
			PCS	HP:0003596	3/5			P		
			TAS	HP:0030674	HP:0040283			P		
			PCS	HP:0030674	1/15			P		
			PCS	HP:0003577	1/4			P		
			PCS	HP:0003577	3/15			P		
			IEA	HP:0003577	1/4			P		
			PCS	HP:0030674	2/15			P		
			PCS	HP:0030674	6/15			P		
			PCS	HP:0003623	2/15			P		
			PCS		8/8		HP:0012829	P		
			TAS		4/4			P		
			PCS		1/1		HP:0012826	P		
			PCS		0/4		HP:0012825	P		
			PCS		2/2		HP:0003676	P		
			PCS		18/43			P		
			PCS		14/25			C		
			PCS		11/22			C		
			PCS		12/34			P		
			PCS		6/29			P		
			PCS		1/65			P		
			PCS		13/41			P		
			PCS		14/40			P		
			PCS		25/39			P		
			PCS		40/40			P		
			PCS		16/39			P		
			PCS		1/31			P		
			PCS		9/29			P		
			PCS		14/41		HP:0012825	P		
			PCS		14/30			P		
			PCS		11/28			P		
			PCS		14/35			P		
			PCS		54/54			P		
			PCS		8/26			P		
			PCS		3/23			P		
			PCS		13/21			P		
			PCS		35/40			P		
			PCS		6/25			P		
			PCS		14/26			P		
			PCS	HP:0003596	1/1			P		
			PCS		4/9			C		
			PCS	HP:0011462	3/3			P		
			PCS		5/7		HP:0012825	P		
			PCS	HP:0003581	7/7			P		
			PCS		0/19			P		
			IEA			FEMALE		P		
			IEA		1/10			P		
			PCS	HP:0011463	6/6		HP:0025377	P		
			PCS		0/49			P		
			PCS		1/45			P		
			PCS		38/50			P		
			PCS		26/55			P		
			PCS		2/45			P		
			PCS		1/49			P		
			PCS		25/51			P		
			PCS		6/50			P		
			PCS		12/53			P		
			PCS		35/55			P		
			PCS		15/53			P		
			PCS		9/50			P		
			PCS		2/49			P		
			PCS		4/50			P		
			PCS		3/49			P		
			PCS		1/50			P		
			PCS		5/60			P		
			PCS		11/48			P		
			PCS		4/60			P		
			PCS		8/55			P		
			PCS		13/20			P		
			PCS		11/33			P		
			PCS		3/45			P		
			PCS		45/60			P		
			PCS		2/50			P		
			PCS		42/48			P		
			PCS		11/61			P		
			PCS		5/50			P		
			PCS		6/49			P		
			PCS		48/48			P		
			PCS		23/25			P		
			PCS		8/37			P		
			PCS		18/60			P		
			PCS		5/49			P		
			PCS		21/52			P		
			PCS		10/60			P		
			PCS		2/33			P		
			PCS		9/45			P		
			PCS		6/37			P		
			PCS		32/56			P		
			PCS		14/21			P		
			PCS		49/59			P		
			PCS		3/61			P		
			PCS		15/60			P		
			PCS		1/41			P		
			PCS		15/52			P		
			PCS		10/20			P		
			PCS		7/61			P		
			PCS		9/61			P		
			PCS		8/39			P		
			PCS		35/45			P		
			PCS		4/45			P		
			PCS		8/50			P		
			PCS		5/61			P		
			PCS		3/50			P		
			PCS		4/57			P		
			PCS		10/45			P		
			PCS		2/41			P		
			PCS		9/55			P		
			PCS		0/40			P		
			PCS		20/39			P		
			PCS		8/51			P		
			PCS		1/56			P		
			PCS		9/46			P		
			PCS		37/54			P		
			PCS		46/47			P		
			PCS		17/44			P		
			PCS	HP:0003581				P		
			PCS		16/19			P		
			PCS		19/19			C		
			PCS		18/19			P		
			PCS		8/9	MALE		P		
			PCS	HP:0003621	2/2			P		
			PCS	HP:0011462	2/2			P		
			PCS		8/11			C		
			PCS		3/22			P		
			PCS		2/22			P		
			PCS	HP:0011462	19/22			P		
			PCS		19/22			P		
			PCS		21/22			P		
			PCS		2/43			P		
			PCS		10/49			P		
			PCS		42/42			P		
			PCS		5/39			P		
			PCS		2/39			P		
			PCS	HP:0003577	3/39			P		
			PCS		6/43			P		
			PCS		3/3		HP:0012825	P		
			TAS		1/1			C		
			TAS		5/5			P		
			IEA		5/9			P		
			PCS	HP:0003577	2/7			P		
			PCS		8/8		HP:0025215	P		
			PCS		18/20			P		
			PCS		50%			I		
			PCS		7/11			C		
			IEA		2/16			P		
			IEA		16/16			P		
			TAS				HP:0031375	P		
			IEA		15/16			P		
			IEA		4/16			P		
			TAS				HP:0012837	P		
			IEA		6/6			C		
			TAS			FEMALE		P		
			PCS		3/11			C		
			PCS		6/13			C		
			PCS	HP:0003596				P		
			PCS	HP:0011463	9/9			P		
			PCS		1/9		HP:0012825	P		
			TAS		HP:0040283			H		
			PCS		11/34			P		
			PCS		39/40			P		
			PCS		31/37			P		
			PCS		6/34			P		
			PCS	HP:0003623	2/4			P		
			PCS	HP:0003623	10/30			P		
			PCS		19/39			P		
			PCS		25/37			P		
			PCS		4/36			P		
			PCS		12/36			P		
			PCS		4/34			P		
			PCS		24/35			P		
			PCS		16/35			P		
			PCS		12/35			P		
			PCS		25/36			P		
			PCS		18/37			P		
			PCS		30/34			P		
			PCS		23/38			P		
			PCS		0/32			P		
			PCS		7/35			P		
			PCS		5/30			P		
			PCS		5/7		HP:0012828	P		
			IEA	HP:0003577	3/7			P		
			PCS	HP:0003577	1/16			P		
			PCS	HP:0003593	8/12			P		
			PCS	HP:0003593	6/11			P		
			PCS	HP:0003593	3/3			P		
			PCS	HP:0003593	7/11			P		
			PCS		17/17			C		
			PCS	HP:0003623	13/13		HP:0003676	P		
			PCS	HP:0003577	27/83			P		
			PCS		2/30			P		
			PCS		29/30			P		
			PCS		22/30			P		
			PCS	HP:0003577	10/83			P		
			PCS		12/94			P		
			PCS		12/69			P		
			PCS		11/31			P		
			PCS	HP:0003577	42/83			P		
			PCS		12/30			P		
			PCS		7/69			P		
			PCS		4/30			P		
			PCS		20/20			C		
			PCS	HP:0003577	HP:0040283			P		
			PCS		1/1		HP:0031796	P		
			TAS		2/4			P		
			TAS		4/4			C		
			PCS		14/15			C		
			PCS				HP:0030651	P		
			PCS		20/20		HP:0012828	P		
			TAS		3/15		HP:0012825	P		
			PCS	HP:0003621	10/10			P		
			IEA		5/5			P		
			PCS	HP:0011462	10/10			P		
			TAS	HP:0011462	10/10			P		
			PCS	HP:0011462	1/4			P		
			PCS		29/29			P		
			PCS		29/29			C		
			PCS		2/38			P		
			PCS		8/9			C		
			PCS		38/38			P		
			PCS		31/38			P		
			PCS		22/43			P		
			PCS		31/39			P		
			PCS		5/17			C		
			PCS		7/18			P		
			PCS		24/30			P		
			PCS		9/10			C		
			PCS		1/30			P		
			PCS		32/36			P		
			PCS		1/29			P		
			PCS		4/14			C		
			PCS		9/35			P		
			PCS		4/25			P		
			PCS		22/32			P		
			PCS		13/40			P		
			PCS		6/14			C		
			PCS		5/45			P		
			PCS		95/97			P		
			PCS		40/69			P		
			PCS		5/35			P		
			PCS		40/64			P		
			PCS		10/25			P		
			PCS		7/158			P		
			PCS		41/158			P		
			PCS		9/158			P		
			PCS		15/158			P		
			PCS		21/158			P		
			PCS		3/158			P		
			PCS		131/183			P		
			PCS		6/158			P		
			PCS		2/158			P		
			PCS		28/158			P		
			PCS	HP:0003581	16/158			P		
			PCS		114/183			P		
			PCS		43/183			P		
			PCS		35/158			P		
			PCS		157/183			P		
			PCS		132/183			P		
			PCS		4/27			P		
			PCS		4/22			C		
			PCS		14/28			P		
			PCS		16/21			P		
			PCS		2/22			C		
			PCS		5/28			P		
			PCS		0/28			P		
			PCS		15/25			C		
			PCS		6/28			P		
			PCS		21/28			P		
			PCS		2/5		HP:0012832	P		
			PCS		2/2			I		
			PCS	HP:0003593	6/6			P		
			IEA		2/3			C		
			IEA		1/3			P		
			IEA		2/3			P		
			PCS		1/21			C		
			PCS		6/21			C		
			IEA		10/10			P		
			PCS		15/18			P		
			PCS		4/21			C		
			PCS		12/21			P		
			PCS		10/21			C		
			IEA		7/10			C		
			PCS	HP:0030674	1/1			P		
			PCS	HP:0003623	1/2			P		
			PCS		10/12			C		
			PCS		34/34			C		
			PCS		23/24			P		
			PCS		2/40			C		
			PCS		10/41			P		
			PCS		25/40			C		
			PCS		3/41			P		
			PCS		1/40			C		
			PCS		36/40			P		
			PCS		17/41			P		
			PCS		36/41			P		
			PCS		21/40			P		
			PCS		4/41			P		
			PCS		39/41			P		
			PCS		16/31			P		
			PCS		33/33			P		
			PCS		35/41			P		
			PCS		7/41			P		
			PCS		11/40			C		
			PCS		5/40			P		
			PCS		9/36			P		
			PCS		7/13			C		
			PCS		2/2		HP:0012828	P		
			PCS		2/2		HP:0025303	P		
			PCS				HP:0012828	P		
			PCS		14/42			P		
			PCS		75/89			P		
			PCS		2/51			P		
			PCS		30/51			P		
			PCS		4/51			P		
			PCS		9/51			P		
			IEA		27/51			P		
			PCS		1/51			P		
			PCS	HP:0011462	6/6			P		
			PCS		6/10			C		
			PCS		77/77			C		
			PCS		8/77			P		
			PCS		39/77			P		
			PCS		2/77			P		
			PCS		56/77			P		
			PCS	HP:0003577	1/77			P		
			PCS		1/77			P		
			IEA	HP:0003577	25/77			P		
			PCS		58/77			P		
			PCS		57/77			P		
			PCS		77/77			P		
			PCS		13/77			P		
			IEA		24/77			P		
			PCS		25/77			P		
			PCS	HP:0003577	42/77			P		
			PCS		0/16			P		
			PCS		5/8		HP:0012825	P		
			PCS		1/19			P		
			IEA		2/6			P		
			PCS	HP:0003593	1/5			P		
			PCS		6/15			C		
			PCS		7/15			C		
			PCS		27/44			C		
			PCS		13/43			C		
			PCS		6/22			P		
			PCS		15/21			P		
			PCS		1/19			C		
			PCS	HP:0011462	1/19			P		
			PCS		3/41			C		
			PCS		44/44			P		
			PCS		23/41			P		
			IEA	HP:0003577	9/9			P		
			TAS		20/20			I		
			TAS		1/8			P		
			TAS		1/3			P		
			IEA		3/20			P		
			IEA		12/20			P		
			PCS				HP:0025211	P		
			PCS	HP:0003621	7/10			P		
			PCS				HP:0025206	P		
			PCS	HP:0003577	1/1		HP:0031796	P		
			TAS		2/3			P		
			PCS	HP:0011463			HP:0012825	P		
			PCS	HP:0003621			HP:0030650	P		
			IEA		0/3			P		
			PCS	HP:0003577	7/7			P		
			PCS	HP:0003593	6/7			P		
			TAS				HP:0012825	C		
			PCS	HP:0003593	2/4			P		
			PCS		21/23			P		
			PCS		8/18			C		
			TAS	HP:0003577	3/3			P		
			PCS	HP:0003577	21/22			P		
			PCS		9/10		HP:0012825	P		
			PCS		8/8		HP:0012828;HP:0012828	P		
			PCS		3/4	MALE	HP:0012833	P		
			IEA	HP:0003577	1/1			P		
			PCS	HP:0003577	1/1		HP:0012825	P		
			PCS		48/131			P		
			PCS		8/133			P		
			PCS		17/130			P		
			PCS		10/128			P		
			PCS		43/130			P		
			PCS		42/116			P		
			PCS		51/133			P		
			PCS		30/118			P		
			PCS		65/120			P		
			PCS		7/132			P		
			PCS		20/124			P		
			PCS		41/132			P		
			PCS		53/119			P		
			PCS		5/12			C		
			PCS		1/12			C		
			PCS	HP:0011461	2/12			P		
			PCS		1/11		HP:0012825	P		
			TAS		1/7			P		
			TAS		4/7			P		
			TAS		6/6			P		
			TAS		7/7			P		
			PCS		2/12		HP:0012825	P		
			PCS		6/6		HP:0012825	P		
			PCS	HP:0011462	1/3			P		
			PCS	HP:0003581	1/3			P		
			PCS	HP:0003623	1/4			P		
			PCS	HP:0011461	3/4			P		
			PCS	HP:0011463	19/19			P		
			PCS		94/109			P		
			PCS		32/121			P		
			PCS		11/22			P		
			PCS		90/119			P		
			PCS	HP:0003577	48/105			P		
			PCS		42/90			P		
			PCS		86/110			P		
			PCS		30/102			P		
			PCS		104/124			P		
			PCS		29/102			P		
			PCS		38/45			P		
			PCS		25/79			P		
			PCS		26/94			P		
			PCS	HP:0003621	2/6			P		
			PCS		3/10		HP:0012825	P		
			TAS		10/10			P		
			TAS		3/10			P		
			PCS		1/24			P		
			PCS		13/18			P		
			PCS		18/24			P		
			PCS		20/23			P		
			PCS	HP:0011462	8/24			P		
			IEA	HP:0003593				P		
			PCS		1/4		HP:0012825	P		
			PCS	HP:0030674	1/2			P		
			TAS	HP:0003577	1/2			P		
			PCS		37/37			P		
			PCS		26/35			P		
			PCS		18/35			P		
			PCS	HP:0003623	35/35			P		
			PCS		20/37			P		
			PCS		10/35			P		
			IEA		2/8			C		
			PCS	HP:0003623	1/3			P		
			TAS	HP:0003577			HP:0012825	P		
			PCS		24/25			P		
			PCS		14/31			P		
			PCS		0/35			P		
			PCS		27/29			P		
			PCS		12/28			P		
			PCS		24/32			P		
			PCS		16/24			P		
			PCS		27/33			P		
			PCS		25/28			P		
			PCS		34/34			P		
			PCS		27/49			P		
			IEA		6/9			P		
			PCS		28/49			P		
			PCS		8/44			P		
			IEA		8/11			C		
			TAS	HP:0003596	1/3			P		
			PCS		17/31			P		
			PCS		16/65			P		
			PCS		8/33			P		
			PCS		9/32			P		
			PCS		1/32			P		
			PCS		3/31			P		
			PCS	HP:0011463	27/31			P		
			PCS	HP:0030674	2/8			P		
			PCS		6/42			P		
			PCS		4/42			P		
			IEA		41/42			P		
			PCS		13/42			P		
			PCS		21/42			P		
			PCS		31/42			P		
			PCS		37/42			P		
			PCS	HP:0011461	38/42			P		
			PCS		8/42			P		
			PCS		1/42			P		
			PCS		2/42			P		
			PCS		36/42			P		
			PCS		11/42			P		
			PCS		9/42			P		
			PCS		38/42			P		
			PCS		19/42			P		
			PCS		11/52			P		
			PCS	HP:0011461	14/38			P		
			PCS		41/42			P		
			PCS		46/91			P		
			PCS		39/118			P		
			PCS		16/110		HP:0033185	P		
			PCS		2/91			P		
			PCS		2/13		HP:0033185	P		
			PCS		3/91			P		
			PCS		25/104			P		
			IEA		12/57			P		
			PCS	HP:0011463	6/6			P		
			PCS		8/16			C		
			PCS		5/13			C		
			PCS		9/23			C		
			PCS		0/29			P		
			TAS		29/29			P		
			PCS		25/41			C		
			PCS		16/42			P		
			PCS		10/41			C		
			PCS		6/41			C		
			TAS		26/40			P		
			PCS		39/42			P		
			PCS		1/6	FEMALE		P		
			PCS		18/21			P		
			PCS		6/23			C		
			PCS		16/23			C		
			PCS		1/23			C		
			PCS		20/26			P		
			IEA		3/7			P		
			PCS	HP:0011461	5/7			P		
			PCS		5/5		HP:0025303	P		
			PCS	HP:0003623	3/4			P		
			PCS		1/43			P		
			PCS		16/45			P		
			PCS		15/44			P		
			PCS		12/44			P		
			PCS		3/43			P		
			PCS		12/43			P		
			PCS		5/43			P		
			PCS		11/45			P		
			PCS		13/45		HP:0012825	P		
			PCS		4/43			P		
			PCS		13/45			P		
			PCS		1/1		HP:0012833	P		
			PCS	HP:0011463	2/5			P		
			PCS	HP:0003621	4/4			P		
			PCS		6/7		HP:0025293	P		
			TAS		HP:0040281			P		
			PCS	HP:0003584	2/2			P		
			PCS	HP:0011461	2/8			P		
			TAS	HP:0011463				P		
			PCS		29/70			P		
			PCS		7/70			P		
			PCS		9/70			P		
			PCS		4/70			P		
			PCS		13/70			P		
			PCS		10/70			P		
			PCS		2/70			P		
			PCS		39/90			P		
			PCS		4/23			P		
			PCS		47/63			P		
			PCS		25/58			P		
			PCS		76/99			P		
			PCS		27/59			P		
			PCS		17/70			P		
			PCS		3/27			P		
			PCS		99/105			P		
			PCS		29/35		HP:0031796	P		
			PCS		6/70			P		
			PCS		31/61			P		
			PCS		68/72			P		
			PCS		5/70			P		
			PCS		65/93			P		
			PCS		22/70			P		
			PCS		17/85			P		
			PCS	HP:0003623	37/57			P		
			PCS		58/64			P		
			PCS		1/4	MALE		P		
			PCS	HP:0011463	2/8			P		
			PCS		4/4	MALE		P		
			PCS		1/3		HP:0003676	P		
			PCS		3/15			C		
			PCS	HP:0003581	1/2			P		
			IEA		9/9			P		
			PCS		14/20			P		
			PCS	HP:0003577	13/20			P		
			PCS	HP:0003577	16/20			P		
			PCS		5/29			P		
			PCS		26/29			P		
			PCS		21/29			P		
			PCS		2/14			C		
			PCS		12/14			C		
			TAS		1/5			P		
			PCS	HP:0011461	1/3			P		
			PCS		5/5		HP:0012828	P		
			PCS	HP:0034197	3/3			P		
			PCS	HP:0003577	4/6			P		
			PCS		0/25			P		
			PCS		25/25			C		
			PCS		25/25			P		
			PCS	HP:0011462	2/3			P		
			PCS	HP:0011463	1/3			P		
			PCS		30/30			P		
			TAS		30/30			P		
			PCS		11/17			C		
			PCS		0/17			P		
			PCS		19/23			C		
			PCS		3/13			C		
			PCS	HP:0011462	3/4			P		
			PCS	HP:0011463	4/4			P		
			PCS	HP:0003593	4/4			P		
			PCS		9/18			C		
			PCS	HP:0011461	1/7			P		
			PCS	HP:0003623	5/7			P		
			PCS		105/972	FEMALE		P		
			PCS		6/35			P		
			PCS		33/321			P		
			PCS		283/331			P		
			PCS	HP:0011462	6/13			P		
			PCS	HP:0011462	5/10			P		
			PCS		5/5		HP:0025215	P		
			TAS				HP:0012832	P		
			PCS		17/28			P		
			PCS		6/9			C		
			PCS	HP:0003596	9/9			P		
			PCS	HP:0003584	2/9			P		
			PCS	HP:0003577	5/5			P		
			PCS	HP:0003577	2/10			P		
			PCS	HP:0003621	11/12			P		
			PCS	HP:0003577	2/12			P		
			PCS		11/21			P		
			PCS	HP:0003577	11/19			P		
			PCS	HP:0011462	134/699	MALE		P		
			PCS	HP:0011462	21/754	FEMALE		P		
			PCS		332/699	MALE		P		
			PCS		246/754	FEMALE		P		
			PCS		284/699	MALE		P		
			PCS		180/754	FEMALE		P		
			PCS	HP:0003596	60/699	MALE		P		
			PCS		46/754	FEMALE		P		
			PCS	HP:0025708	3/3			P		
			TAS				HP:0031796	P		
			PCS	HP:0003577	9/9			P		
			PCS	HP:0003596	3/9			P		
			PCS	HP:0003577	12/16			P		
			PCS	HP:0003577	5/16			P		
			PCS	HP:0003577	2/16			P		
			PCS		13/16			P		
			PCS	HP:0003577	4/16			P		
			PCS		9/15			C		
			PCS	HP:0003621	15/15			P		
			PCS	HP:0011463	15/15			P		
			PCS		29/35			P		
			PCS		18/33			P		
			PCS		10/29			P		
			PCS		34/37			P		
			PCS		10/31			P		
			PCS		3/35			P		
			PCS		7/34			P		
			PCS		8/35			P		
			PCS		23/32			P		
			PCS		6/38			P		
			PCS		3/3		HP:0025303	P		
			PCS		2/26			P		
			TAS		50%			P		
			TAS		7%			P		
			PCS		1/26			P		
			PCS		6/60			P		
			TAS		40%			C		
			PCS		1/34			P		
			PCS		8/34			P		
			PCS		0/27			P		
			PCS		25/26			P		
			TAS		62%			P		
			PCS		67/67			P		
			PCS		4/26			P		
			PCS		78/82			P		
			PCS		21/26			P		
			PCS		1/5		HP:0012828	P		
			IEA		3/17			C		
			PCS		2/17			C		
			PCS		12/17			C		
			IEA		4/7			P		
			PCS		6/26			P		
			PCS		24/27			P		
			PCS		31/32			P		
			PCS		1/28			P		
			PCS		30/50			C		
			PCS		13/50			P		
			PCS		82/100			P		
			PCS		26/50			P		
			PCS		42/60			P		
			PCS		40/60			P		
			PCS		53/60			P		
			PCS		41/50			P		
			PCS		31/60			P		
			PCS		26/40			P		
			PCS		33/50			P		
			PCS		50/50			P		
			PCS		74/110			P		
			PCS		44/60			P		
			PCS		5/27			P		
			PCS		22/27			C		
			PCS		11/27			P		
			PCS		10/27			P		
			PCS		5/27			C		
			PCS		27/27		HP:0012828	P		
			PCS		23/27			P		
			PCS	HP:0030674				H		
			IEA	HP:0030674				P		
			TAS				HP:0012828	I		
			PCS		4/4		HP:0012828	P		
			PCS		1/3	FEMALE		P		
			PCS	HP:0003577	2/4			P		
			IEA		1/4			P		
			PCS	HP:0030674	2/4			P		
			PCS	HP:0003593	3/7			P		
			PCS	HP:0003593	5/7			P		
			PCS	HP:0003621	9/10	MALE		P		
			PCS		0/5	MALE		P		
			PCS		9/10	MALE		P		
			PCS		3/3	FEMALE		P		
			PCS		12/19			C		
			PCS		7/19			C		
			PCS		9/26			P		
			IEA		14%			P		
			PCS		7/7		HP:0003676	P		
			TAS		26%			P		
			PCS	HP:0011463	5/13			P		
			PCS	HP:0003623	9/15			P		
			PCS	HP:0003577	1/8	MALE		P		
			PCS	HP:0003584	1/2			P		
			PCS		2/20			C		
			PCS		10/20			C		
			IEA		2/10			P		
			PCS	HP:0003621	3/3			P		
			PCS		3/30			P		
			PCS		0/30			P		
			PCS		3/32			P		
			PCS		18/30			P		
			PCS		2/29			P		
			PCS		22/29			P		
			PCS		28/30			P		
			PCS		12/29			P		
			PCS		13/25			P		
			PCS		4/12			C		
			PCS		16/23			P		
			PCS		18/26			P		
			IEA		1/5			C		
			PCS		5/26			P		
			PCS		16/28			P		
			PCS		7/26			P		
			PCS		7/28			P		
			PCS		1/5		HP:0033185	P		
			PCS	HP:0011463	1/5			P		
			PCS		0/39			P		
			PCS	HP:0011463	39/39			P		
			IEA				HP:0012828	P		
			PCS	HP:0003581	3/3			P		
			PCS		12/37			P		
			PCS		3/3		HP:0031375	P		
			PCS		1/2		HP:0012828	P		
			PCS		8/8		HP:0012828	P		
			PCS	HP:0003623	1/7			P		
			PCS		18/24			C		
			PCS		5/24			C		
			PCS		1/24			C		
			PCS		4/4		HP:0003676	P		
			PCS		18/23			P		
			PCS		4/18			C		
			PCS		7/18			C		
			IEA		2/18			C		
			PCS	HP:0003584	9/19			P		
			PCS		5/18			C		
			PCS		11/12			C		
			PCS		8/12			C		
			PCS		12/38	FEMALE		P		
			PCS		3/38	FEMALE		P		
			PCS		6/38	FEMALE		P		
			PCS		29/38	FEMALE		P		
			PCS		13/37	FEMALE		P		
			PCS		38/38	FEMALE		P		
			IEA		5/5	MALE		P		
			PCS		17/38			P		
			PCS		4/38	FEMALE		P		
			PCS		5/38	FEMALE		P		
			PCS		17/38	FEMALE		P		
			PCS		3/5	MALE		P		
			PCS		1/2		HP:0012825	P		
			PCS		6/9		HP:0025377;HP:0025377	P		
			PCS	HP:0011463	13/41			P		
			PCS		50%			P		
			PCS	HP:0003593	41/41			P		
			PCS		2/28			C		
			PCS		3/28			C		
			PCS		6/28			C		
			PCS		11/16			C		
			PCS		12/19			P		
			PCS	HP:0003577	7/7		HP:0012828	P		
			PCS	HP:0003581	4/4			P		
			PCS		6/12			C		
			PCS		14/44			P		
			PCS		14/43			P		
			PCS		9/39			P		
			PCS		33/43			P		
			PCS		22/38			P		
			PCS		11/24			P		
			PCS		5/37			P		
			PCS		11/30			P		
			PCS		33/46			P		
			PCS		29/40			P		
			PCS		3/26			P		
			PCS		7/33			P		
			PCS		14/18			C		
			TAS		2/9			P		
			PCS	HP:0003584	2/5			P		
			PCS	HP:0003596	3/3			P		
			PCS	HP:0011463	16/16			P		
			TAS		16/16			P		
			PCS		1/12		HP:0012828	P		
			PCS		104/104			P		
			PCS		81/93			P		
			PCS		39/104			P		
			PCS		20/20		HP:0011010	P		
			PCS		46/60			P		
			PCS		6/67			P		
			PCS		21/60			P		
			PCS		2/60			P		
			PCS		67/67			C		
			PCS		0/67			P		
			IEA		3/4			P		
			PCS		14/20			C		
			TAS		3/9			P		
			PCS		32/53			P		
			PCS		41/60			P		
			PCS		44/59			C		
			PCS		54/60			P		
			PCS		11/52			C		
			PCS		9/59			P		
			PCS		1/52			C		
			PCS		3/52			C		
			PCS		181/181			P		
			PCS	HP:0011461				P		
			TAS				HP:0025303	P		
			PCS		1/8		HP:0012825	P		
			PCS	HP:0003593	2/11			P		
			PCS		15/29			C		
			PCS		13/29			C		
			PCS		10%			P		
			PCS		48/104			P		
			PCS		31/104			P		
			PCS		37/104			P		
			PCS		5%			P		
			PCS	HP:0003577	8/9			P		
			PCS		5/5	FEMALE		P		
			PCS	HP:0011461	4/4			P		
			PCS		6/12		HP:0025153;HP:0025153	P		
			IEA		3/6			P		
			IEA		95%			P		
			PCS	HP:0030674	1/4			P		
			TAS		HP:0040283	MALE		P		
			TAS		HP:0040283	FEMALE		P		
			PCS	HP:0011463	5/19			P		
			IEA	HP:0003584				P		
			PCS	HP:0003593	7/7			P		
			PCS		20/56			P		
			PCS		6/56			P		
			PCS		18/56			P		
			PCS		8/56			P		
			PCS		31/56			P		
			PCS		25/56			P		
			PCS		9/56		HP:0011010	P		
			PCS		39/61			P		
			PCS		19/30			P		
			PCS		22/26			P		
			PCS		21/25			P		
			PCS		11/15			C		
			PCS		17/27			P		
			PCS		16/25			P		
			PCS		25/30			P		
			PCS		18/25			P		
			PCS		56/119			P		
			PCS		26/30			P		
			PCS		22/28			P		
			PCS		19/31			P		
			PCS		7/29			P		
			PCS		31/31			C		
			PCS	HP:0003593	2/10			P		
			PCS	HP:0003623	1/10			P		
			IEA		12%			P		
			TAS		12%			P		
			PCS		5/5		HP:0012825	P		
			PCS	HP:0011463	5/21			P		
			PCS		16/21			C		
			PCS		4/7		HP:0012826	P		
			PCS		0/36			P		
			PCS		51/51			C		
			PCS		22/24			P		
			PCS	HP:0003577	15/15			P		
			PCS		36/36			P		
			PCS	HP:0003577	4/5			P		
			PCS	HP:0003577	2/5			P		
			PCS	HP:0011462	3/6			P		
			PCS	HP:0003621	7/7			P		
			PCS		26/38			P		
			PCS		3/28			P		
			PCS	HP:0003593	7/8			P		
			IEA	HP:0011461	2/2			P		
			PCS		7/11		HP:0012825	P		
			PCS	HP:0011461	4/11			P		
			PCS	HP:0003621	5/13			P		
			PCS		22/106			P		
			PCS		8/29			P		
			PCS	HP:0011463	1/13			P		
			PCS	HP:0011463	3/13			P		
			PCS		8/68			P		
			PCS		8/28			P		
			PCS		39/67			C		
			PCS		22/68			P		
			PCS		9/27			C		
			PCS		68/68			P		
			PCS		49/68			P		
			PCS		35/72			P		
			PCS	HP:0003621	7/13			P		
			PCS		38/106			P		
			PCS		67/93			P		
			PCS		14/47			P		
			PCS		14/24			P		
			PCS		17/107			P		
			PCS		18/43			C		
			PCS		121/136			P		
			PCS	HP:0003623	10/13			P		
			PCS		13/101			P		
			PCS		13/23			P		
			PCS		10/54			C		
			PCS		9/54			P		
			PCS		14/54			C		
			PCS		3/23		HP:0012825	P		
			PCS		26/54			P		
			PCS		15/54			P		
			PCS		31/54			P		
			PCS		10/23			P		
			PCS		40/54			P		
			PCS		21/54			P		
			PCS		42/54			P		
			PCS		11/54			C		
			PCS		19/54			C		
			PCS		24/54		HP:0012825	P		
			PCS		50/54			P		
			PCS	HP:0011461	3/3			P		
			PCS		3/18			C		
			PCS		10/22			P		
			PCS		6/18			C		
			PCS	HP:0003623	14/17			P		
			PCS	HP:0003577	3/17			P		
			PCS		9/107			P		
			PCS	HP:0003593	41/56			P		
			PCS		43/107			P		
			PCS		5/107			P		
			PCS		10/107			P		
			PCS		68/135			P		
			PCS		92/181			P		
			PCS		19/28			P		
			PCS		96/137			P		
			PCS		86/138			P		
			PCS	HP:0003577	5/107			P		
			PCS		34/107			P		
			PCS	HP:0003593	35/56			P		
			PCS		37/107			P		
			PCS		15/29			P		
			PCS		13/181			P		
			PCS		77/136			P		
			PCS		13/107			P		
			PCS	HP:0003577	70/181			P		
			PCS		13/32			P		
			PCS	HP:0003577	10/56			P		
			PCS		65/107			P		
			PCS		27/32	MALE		P		
			PCS		0/34			P		
			PCS	HP:0003623	11/11			P		
			PCS		8/12		HP:0011010	P		
			PCS	HP:0003623	5/12			P		
			PCS	HP:0003623	14/14			P		
			PCS		53/220	FEMALE		P		
			PCS		32.3%			P		
			PCS		76.3%			P		
			PCS		13/220	FEMALE		C		
			PCS		98/220	FEMALE		P		
			PCS		66%	FEMALE		P		
			PCS		30/220	FEMALE		P		
			PCS		24.3%			P		
			PCS		56.6%			P		
			PCS		18/220	FEMALE		P		
			PCS		76.3%	FEMALE		P		
			PCS		85/220	FEMALE		P		
			PCS		78.3%			P		
			PCS		91/220	FEMALE		P		
			PCS		2/4	MALE		P		
			PCS	HP:0011461	1/12			P		
			PCS		2/8	FEMALE		P		
			PCS		1/8	FEMALE		P		
			PCS		3/4	MALE		P		
			PCS		1/1		HP:0025206	P		
			PCS		11/11		HP:0025206;HP:0025206	P		
			PCS	HP:0003584	1/26			P		
			IEA		1/1		HP:0025206	P		
			PCS		6/30			P		
			PCS		26/29			C		
			PCS		25/29			P		
			PCS		13/29			P		
			PCS		23/30			P		
			PCS		3/29			C		
			PCS		19/29			P		
			PCS		20/29			P		
			IEA		HP:0040280			P		
			PCS	HP:0003623	3/7			P		
			PCS		6/6		HP:0012837	P		
			PCS		2/2			H		
			IEA		0/2			P		
			PCS		28/48			P		
			PCS		25/48			P		
			IEA		28/48			P		
			PCS		36/48			P		
			PCS		13/54			P		
			PCS		3/54			P		
			PCS		5/54			P		
			PCS		10/54			P		
			PCS		67/189			P		
			PCS		2/470			P		
			PCS		90%			P		
			PCS		13%			P		
			PCS		37/41			P		
			PCS		6%			P		
			PCS		1%			P		
			PCS		1/2		HP:0012833	P		
			PCS	HP:0003593	5/9			P		
			PCS	HP:0030674	3/9			P		
			PCS	HP:0003593	2/9			P		
			PCS	HP:0030674	2/9			P		
			PCS	HP:0003577	2/9			P		
			PCS	HP:0003577	8/13			P		
			PCS		20/31			P		
			PCS		22/35			P		
			PCS		28/36			P		
			PCS		34/41			P		
			PCS		1/9	FEMALE		P		
			IEA		7/9	FEMALE		P		
			PCS		2/9	FEMALE		P		
			PCS	HP:0003621	5/11			P		
			PCS	HP:0011463	12/12			P		
			IEA		6/7			C		
			PCS		21/21			C		
			PCS	HP:0003623	21/21			P		
			PCS		21/21		HP:0012837	P		
			PCS		7/21			C		
			PCS		7/21			P		
			PCS		15/17			C		
			PCS		1/33			C		
			PCS		31/33			P		
			PCS		32/33			P		
			PCS		32/33			C		
			PCS	HP:0003593	HP:0040282			P		
			PCS	HP:0011463	1/4			P		
			PCS		20/46			P		
			PCS		1/6		HP:0012825	P		
			TAS		50%			I		
			PCS	HP:0003593	12/19			P		
			PCS		8/19			P		
			PCS	HP:0003593	18/19			P		
			IEA		1/7			C		
			PCS		15/15			C		
			TAS		HP:0040283			C		
			PCS		13/22			P		
			PCS		2/3	FEMALE		P		
			PCS	HP:0003581	1/23			P		
			PCS	HP:0003581	10/23			P		
			PCS		14/19			C		
			IEA		3/9			P		
			TAS		9/9			P		
			TAS					H		
			PCS		8/13			C		
			PCS		10/32			P		
			PCS		28/32			P		
			PCS		18/31			P		
			PCS		4/32			P		
			PCS		29/32			P		
			PCS		6/32			P		
			PCS		30/32			P		
			PCS	HP:0003577	6/8			P		
			PCS		7/32			P		
			PCS		9/9		HP:0012832	P		
			PCS		0/3	FEMALE		P		
			PCS		0/26			P		
			IEA	HP:0011462	21/21			P		
			PCS	HP:0003584	1/11			P		
			PCS		22/23			P		
			PCS				HP:0025212	P		
			PCS	HP:0003577	15/18			P		
			IEA		1/5			P		
			PCS	HP:0025709	2/2			P		
			IEA		1/17			C		
			PCS	HP:0011461	11/17			P		
			IEA		12/12			P		
			PCS	HP:0003593	2/12			P		
			PCS	HP:0003593	1/6			P		
			PCS		2/2	FEMALE		P		
			IEA					H		
			IEA		0/4			P		
			PCS		22/24			C		
			PCS		0/24			P		
			PCS	HP:0003621	8/10			P		
			PCS	HP:0003623	10/10			P		
			PCS		6/9		HP:0012825;HP:0012825	P		
			PCS	HP:0003593	3/5			P		
			TAS	HP:0003577	HP:0040280			P		
			PCS	HP:0003577	11/11			P		
			PCS	HP:0003621	11/11			P		
			PCS	HP:0003593	3/4			P		
			PCS	HP:0003577	0/2			P		
			PCS	HP:0003577	1/6			P		
			PCS	HP:0003577	2/6			P		
			PCS		4/40			P		
			PCS		10/23			C		
			PCS		13/23			C		
			PCS	HP:0003577	2/13			P		
			PCS		2/2		HP:0012832	P		
			TAS		HP:0040282			C		
			PCS		10/14			C		
			PCS		4/15			C		
			TAS		30%			P		
			PCS		39/39			P		
			PCS		23/28			P		
			PCS		18/47			P		
			PCS		43/43			P		
			TAS		57%			P		
			PCS		41/47			P		
			TAS		4/18			P		
			PCS		7/37			P		
			PCS		2/2		HP:0031375	P		
			PCS		10/24			C		
			PCS		27/27		HP:0012829	P		
			PCS		19/25			P		
			PCS		13/27			P		
			TAS				HP:0012840	P		
			PCS	HP:0003577	1/5			P		
			PCS		2/4		HP:0012825	P		
			PCS		30/35			P		
			PCS		45/45			C		
			PCS	HP:0003623	1/12			P		
			PCS	HP:0003577	9/9		HP:0012828	P		
			PCS		15/25			P		
			PCS		11/47			P		
			PCS	HP:0011461	1/15			P		
			PCS	HP:0003621	1/5			P		
			PCS		4/11		HP:0031796	P		
			PCS	HP:0003577	1/11			P		
			PCS		9/25			P		
			PCS		4/17		HP:0033185	P		
			PCS		5/25		HP:0033185	P		
			PCS		10/19		HP:0033185;HP:0033185	P		
			PCS		6/19		HP:0033185	P		
			PCS		5/17		HP:0033185	P		
			TAS	HP:0003577	HP:0040281			P		
			PCS	HP:0003596	1/5			P		
			PCS		4/4	MALE		C		
			PCS	HP:0003577	4/4	MALE		P		
			PCS		11/28			C		
			PCS		2/21			C		
			PCS		0/4	MALE		P		
			IEA		0/8			P		
			PCS	HP:0003593	2/8			P		
			TAS		HP:0040284			P		
			PCS		1/69			P		
			PCS		9/69			P		
			PCS		33/69			P		
			PCS		20/27			P		
			TAS		20/20		HP:0012825	P		
			PCS		2/3		HP:0003676	P		
			PCS	HP:0003623	1/5			P		
			PCS	HP:0003593	1/19			P		
			IEA		2/11			P		
			PCS	HP:0003577	3/11	MALE		P		
			PCS		0/2		HP:0012825	P		
			PCS		22/33			P		
			PCS		15/33			P		
			PCS		1/3		HP:0012828	P		
			PCS	HP:0003577	9/12			P		
			PCS	HP:0011461	2/3			P		
			IEA		1/2			P		
			PCS	HP:0003596	1/3			P		
			PCS		12/47			P		
			PCS		1/37			P		
			PCS		3/37			P		
			PCS		44/51			P		
			PCS		2/37			P		
			PCS	HP:0003577	4/51			P		
			PCS		22/51			P		
			PCS	HP:0003577	2/14			P		
			PCS		4/37			P		
			PCS		13/51			P		
			PCS	HP:0003623	3/37			P		
			PCS	HP:0003577	3/14			P		
			PCS		6/51			P		
			PCS	HP:0003577	3/37			P		
			PCS		10/13			C		
			PCS		11/51			P		
			TAS		32/413			P		
			TAS		42/423			P		
			PCS	HP:0011462	2/2	FEMALE		P		
			PCS		1/36			P		
			PCS	HP:0030674	1/49			P		
			PCS		21/36			P		
			PCS		5/44			P		
			PCS		10/28	MALE		P		
			PCS		38/44			P		
			PCS		52/55			P		
			PCS		13/33			P		
			IEA		5/34			P		
			PCS		6/27			P		
			TAS	HP:0003621	19/32			P		
			PCS		4/52			C		
			PCS		2/13			C		
			IEA	HP:0011461	1/4			P		
			PCS		1/2		HP:0025303	P		
			PCS	HP:0003623	7/7			P		
			PCS		17/37			P		
			PCS		26/37			P		
			PCS		28/37			P		
			PCS		13/37			P		
			PCS		32/37			P		
			PCS		31/47			P		
			PCS		24/37			P		
			PCS		16/37			P		
			PCS		29/37			P		
			IEA		19/34			P		
			PCS		9/37			P		
			PCS		30/37			P		
			PCS		23/37			P		
			PCS		1/13	MALE		P		
			PCS		33/37			P		
			PCS	HP:0003577	13/13			P		
			PCS	HP:0011461	2/7			P		
			PCS	HP:0003623	4/7			P		
			PCS		1/25			C		
			PCS		4/29			P		
			PCS		3/29			P		
			PCS		22/25			C		
			TAS		5/29			P		
			PCS		2/25			C		
			PCS		39/46			P		
			PCS		19/47			P		
			PCS		21/47			P		
			PCS		17/47			P		
			PCS		45/47			P		
			PCS		3/47			P		
			PCS		26/47			P		
			PCS		42/47			P		
			PCS		15/46			P		
			PCS		8/47			P		
			PCS		2/15			C		
			PCS		1/15			C		
			PCS	HP:0003581	3/15			P		
			PCS	HP:0011462	1/15			P		
			PCS	HP:0011461	4/16			P		
			PCS		17/23			P		
			IEA		16/22			P		
			PCS	HP:0003623	20/22			P		
			PCS		5/15	MALE		P		
			PCS		15/45			P		
			PCS		19/51			P		
			PCS		10/47			P		
			PCS		15/18			C		
			PCS		14/25			P		
			PCS		51/89			P		
			PCS		23/29			P		
			PCS		21/66			P		
			PCS		20/51			P		
			PCS		21/46			P		
			PCS		98/102			P		
			PCS		19/50			P		
			PCS		88/91			P		
			PCS		32/51			P		
			PCS		87/88			P		
			PCS		80/87			P		
			PCS		48/65			P		
			PCS		21/51			P		
			PCS		19/49			P		
			PCS		16/53			P		
			PCS	HP:0011461	4/21			P		
			PCS		8/43			P		
			PCS		12/26			P		
			PCS		15/30			P		
			PCS		8/10			C		
			PCS	HP:0003621	1/10			P		
			PCS	HP:0003581	1/10			P		
			IEA		9/10			C		
			PCS		8/23			P		
			PCS		167/240			P		
			PCS		114/119			P		
			PCS		34/50			P		
			PCS		15/123			P		
			PCS		41/87			P		
			PCS		76/118			P		
			PCS		23/122			P		
			PCS		179/237			P		
			PCS		21/237			P		
			PCS		66/120			P		
			PCS	HP:0025710	2/2			P		
			PCS	HP:0003577	2/2		HP:0012829	P		
			IEA		11/11			P		
			PCS		11/144			P		
			PCS		47/47			P		
			PCS		34/69			P		
			PCS		36/56			P		
			PCS		79%			P		
			PCS		10/55			P		
			PCS		2/144			P		
			PCS		53/69			P		
			PCS		7/42			C		
			PCS		31/42			C		
			PCS		3/42			C		
			PCS		2/5	FEMALE		P		
			PCS		9/9	MALE		P		
			IEA		2/13			C		
			PCS	HP:0011463	10/11			P		
			PCS				HP:0012826	P		
			PCS	HP:0003577	3/9			P		
			PCS		3/154			P		
			PCS		26/165			P		
			PCS		19/154			P		
			PCS		11/54			P		
			PCS		13/154			P		
			PCS		50/154			P		
			PCS		32/94			P		
			PCS		16/52			P		
			PCS		32/154			P		
			PCS		83/165			P		
			PCS		63/63			P		
			PCS		37/62			P		
			TAS		4/4		HP:0012825	P		
			PCS		118/229			P		
			PCS		42/130			P		
			PCS		3/201			P		
			PCS		5/199			P		
			PCS		9/193			P		
			PCS		195/227			P		
			PCS		8/23			C		
			PCS		2/23			C		
			PCS		7/23			C		
			PCS	HP:0003593	12/12			P		
			PCS	HP:0003593	5/13			P		
			TAS	HP:0003577	2/4		HP:0012828	P		
			TAS	HP:0003577			HP:0012828	P		
			IEA	HP:0003577	4/4			P		
			PCS	HP:0003581	4/10			P		
			PCS	HP:0011463	9/10			P		
			PCS		1/10		HP:0012825	P		
			PCS	HP:0003577	8/8		HP:0012828	P		
			PCS		9/27			P		
			PCS		18/27			P		
			PCS		1/1		HP:0012832	P		
			PCS	HP:0003621	HP:0040281			P		
			PCS	HP:0003593	9/12			P		
			PCS	HP:0030674	7/12			P		
			PCS		70/119			P		
			PCS		79/110			P		
			PCS		3/101			P		
			PCS		79/118			P		
			PCS		55/125			P		
			PCS		9/115			P		
			PCS		121/121			P		
			PCS		89/122			P		
			PCS		18/117			P		
			PCS		87/108			P		
			PCS		108/115			P		
			PCS		25/110			P		
			PCS	HP:0003584	1/3			P		
			PCS		42/102			P		
			PCS		2/118			P		
			PCS		21/103			P		
			PCS		8/10		HP:0025303	P		
			PCS		18/22			C		
			PCS	HP:0003584	15/22			P		
			PCS		10/10		HP:0012828	P		
			TAS		10/24			P		
			PCS		2/15		HP:0012825	P		
			PCS	HP:0011463	15/15	FEMALE		P		
			PCS		24/74			P		
			PCS		16/30			P		
			PCS		15/42			P		
			PCS		27/90			P		
			PCS		57/90			P		
			PCS		84/90			P		
			PCS		60/60			P		
			PCS		2/64			P		
			PCS		58/70			P		
			PCS		20/30			P		
			PCS	HP:0003577	57/60			P		
			PCS		40/70			P		
			PCS	HP:0003593	15/31			P		
			PCS		26/60			P		
			PCS	HP:0003577	26/30			P		
			PCS		9/62			P		
			PCS	HP:0003593	7/30			P		
			PCS		90/90			P		
			PCS		11/60			P		
			PCS		48/60			P		
			PCS		52/86			P		
			PCS		12/62			P		
			PCS		2/34			P		
			PCS		80/90			P		
			PCS		30/44			P		
			PCS	HP:0011463	5/9			P		
			PCS		3/56			P		
			PCS		35/56			P		
			PCS		50/56			P		
			PCS		41/56			C		
			PCS		29/38			P		
			IEA		50%	FEMALE		P		
			PCS		51/56			P		
			PCS		27/56			P		
			PCS		29/56			P		
			PCS		42/56			P		
			PCS		49/56			P		
			IEA	HP:0003577	47/56			P		
			PCS		4/7	MALE		P		
			PCS		11/11		HP:0011010	P		
			PCS		9/9		HP:0011010	P		
			PCS		30/33			P		
			PCS	HP:0011461	6/19			P		
			PCS		15/32			P		
			PCS		24/34			P		
			PCS		12/31			P		
			PCS				HP:0030650	P		
			PCS		10/33			P		
			PCS		10/30			P		
			PCS		3/33			P		
			PCS		24/31			P		
			PCS		4/35			P		
			PCS	HP:0003623	10/32			P		
			PCS		9/31			P		
			PCS		28/33			P		
			PCS		17/55			P		
			PCS		11/55			P		
			PCS		5/55			P		
			TAS				HP:0012839	P		
			PCS		8/30			P		
			PCS				HP:0003676	P		
			TAS				HP:0032365	P		
			PCS		2/6		HP:0012825	P		
			IEA		10/12			P		
			IEA		7/12			P		
			IEA		20%			P		
			IEA		14/14			P		
			PCS	HP:0003577	1/10			P		
			PCS	HP:0011461	4/10			P		
			PCS		6/9	MALE		P		
			IEA		10/13			P		
			PCS		6/8	FEMALE		P		
			PCS		3/5	MALE		C		
			PCS		2/4	FEMALE		C		
			PCS		2/5	MALE		C		
			PCS		5/8	FEMALE		P		
			PCS		3/8	FEMALE		P		
			PCS		0/8	FEMALE		P		
			PCS		4/8	FEMALE		P		
			PCS	HP:0011462	5/7			P		
			TAS		4/20			P		
			PCS	HP:0003596	7/7			P		
			IEA		0/1			P		
			PCS		3/5		HP:0012825	P		
			PCS		26/33			P		
			PCS		14/32			P		
			PCS		15/37			P		
			PCS		27/32			P		
			PCS		22/25			P		
			PCS		27/30			P		
			PCS	HP:0011461	3/5			P		
			PCS		25/38			P		
			PCS		10/37			P		
			PCS		24/33			P		
			PCS		25/49			P		
			PCS		85/97			P		
			PCS		79/85			P		
			PCS		36/98			P		
			PCS		102/105			P		
			PCS		109/111			P		
			PCS		81/103			P		
			PCS		86/102			P		
			PCS		65/71			P		
			PCS		22/84			P		
			PCS		88/88			P		
			IEA		5/6			P		
			PCS	HP:0003623	4/5			P		
			PCS		21/34			P		
			IEA	HP:0003593	5/40			P		
			PCS		3/46			P		
			PCS		38/38	MALE		P		
			IEA		1/7			P		
			PCS		13/38			P		
			PCS		27/28			P		
			PCS		37/45			P		
			PCS		1/2	MALE		P		
			PCS		33/33			C		
			PCS		10/10	MALE		C		
			PCS	HP:0011463	7/8			P		
			PCS	HP:0003621	6/7			P		
			PCS	HP:0003623	4/12			P		
			PCS		28/28			C		
			PCS		10/88			P		
			PCS		102/111			P		
			PCS		12/88			P		
			PCS		43/88			P		
			PCS	HP:0003593	7/28			P		
			PCS		66/88			P		
			PCS		29/88			P		
			PCS		3/88			P		
			PCS		8/88			P		
			PCS		41/88			P		
			PCS		40/88			P		
			PCS		97/116			P		
			PCS		9/116			P		
			PCS		19/88			P		
			PCS		11/88			P		
			PCS		5/14			C		
			PCS		HP:0040283	FEMALE		P		
			PCS		170/182			P		
			PCS		176/182			P		
			PCS	HP:0003593	6/9			P		
			PCS	HP:0003577	5/7			P		
			PCS		6/24			C		
			PCS		32/73			P		
			PCS		11/78			P		
			PCS		23/70			P		
			PCS		22/56			P		
			PCS		28/60			P		
			PCS		49/74			P		
			PCS		15/57			P		
			PCS		20/55			P		
			PCS		25/55			P		
			PCS		44/54			P		
			PCS		12/63			P		
			PCS		11/65			P		
			PCS		45/74			P		
			PCS		33/66			P		
			PCS		19/62			P		
			PCS		14/66			P		
			PCS		34/76			P		
			PCS		14/58			P		
			PCS		5/46			P		
			PCS		3/3		HP:0025206;HP:0025303	P		
			PCS		3/4		HP:0025206;HP:0025303	P		
			PCS		5/5		HP:0025206;HP:0025303	P		
			PCS	HP:0003623	9/9			P		
			PCS	HP:0011461	5/9			P		
			IEA		2/14			P		
			PCS	HP:0003581	14/14			P		
			PCS		9/33			P		
			PCS		17/33			P		
			PCS		1/33			P		
			PCS		7/66			P		
			PCS		5/33			P		
			PCS		4/33			P		
			PCS		6/33			P		
			PCS		4/66			P		
			PCS		30/31			P		
			PCS		5/32			P		
			PCS		3/66			P		
			IEA	HP:0003623	1/2			P		
			PCS	HP:0011463	4/11			P		
			PCS		14/16			C		
			IEA	HP:0003577	3/5			P		
			PCS		11/23			P		
			PCS		8/17			C		
			PCS		9/17			C		
			PCS	HP:0003577	5/17			P		
			PCS	HP:0003577	5/15			P		
			PCS	HP:0003577	14/15			P		
			PCS	HP:0003577	11/15			P		
			PCS		11/15		HP:0012825	P		
			PCS		3/51			P		
			PCS		0/51			P		
			PCS		18/42			P		
			PCS		37/51			P		
			PCS		14/45			P		
			PCS		4/54			P		
			PCS		49/49			C		
			PCS		26/51			P		
			PCS		32/49			P		
			PCS		8/10	MALE		P		
			PCS		6/10	MALE		P		
			PCS		1/10	MALE		P		
			PCS		7/10	MALE		P		
			PCS		10/10	MALE		P		
			PCS		5/10	MALE		P		
			PCS	HP:0011463	10/10	MALE		P		
			PCS	HP:0011463	3/10	MALE		P		
			PCS		4/10	MALE		P		
			PCS		11/93			P		
			PCS		32/87			P		
			PCS		28/42			P		
			PCS	HP:0003621	20/93			P		
			PCS		52/93			P		
			PCS		8/93			P		
			PCS		2/93			P		
			PCS	HP:0003621	82/93			P		
			PCS		13/93			P		
			PCS		42/93			P		
			PCS				HP:0500261	P		
			IEA				HP:0500261	P		
			PCS		1/7	MALE		P		
			PCS		34/52			P		
			PCS		14/48			P		
			PCS		14/52			P		
			PCS		48/74			P		
			PCS		12/74			P		
			PCS		49/54			P		
			PCS		35/76			P		
			PCS		0/22			P		
			PCS		19/54			P		
			PCS		41/52			P		
			IEA	HP:0003593	3/3			P		
			TAS		10%			P		
			PCS	HP:0011463	14/14			P		
			PCS		16/22			C		
			PCS	HP:0003593	4/6			P		
			PCS	HP:0003581	3/7			P		
			PCS		7/17			C		
			PCS		6/6		HP:0012829	P		
			PCS		13/17			C		
			PCS	HP:0003581	7/10			P		
			PCS	HP:0003577	4/7			P		
			PCS	HP:0003623	2/6			P		
			PCS		17/57			P		
			PCS		57/57			P		
			PCS		12/57			P		
			PCS		3/57			P		
			PCS		30/57			P		
			PCS		62/139			P		
			PCS		34/57			P		
			PCS		1/5	FEMALE		P		
			IEA		3/3			C		
			TAS		2/20			P		
			PCS		33/38			P		
			PCS		25/40			P		
			PCS		20/47			P		
			PCS		36/38			P		
			PCS		42/44			P		
			PCS		23/39			P		
			PCS		37/46			P		
			PCS		32/41			P		
			PCS		36/44			P		
			PCS		33/39			P		
			PCS		27/46			P		
			PCS		20/32			P		
			PCS		6/41			P		
			PCS		39/56			P		
			PCS		34/40			P		
			PCS		7/46			P		
			PCS		42/46			P		
			PCS		3/42			P		
			PCS		34/42			P		
			PCS		30/43			P		
			PCS		39/52			P		
			PCS		27/52			P		
			PCS		46/49			P		
			PCS		18/40			C		
			PCS		22/40			C		
			TAS		HP:0040280			P		
			IEA		17/17			C		
			PCS	HP:0003577	7/17			P		
			PCS	HP:0003577	14/17			P		
			IEA		4/11			P		
			IEA		3/11			P		
			PCS	HP:0003593	22/22			P		
			PCS		21/24			P		
			IEA		6/19			P		
			PCS	HP:0003596	2/2			P		
			PCS		2/3		HP:0012825	P		
			PCS	HP:0003623	30/37			P		
			PCS		65/119			P		
			PCS		57/120			P		
			PCS		33/114			P		
			PCS		67/91			P		
			PCS		63/118			P		
			PCS		113/118			P		
			PCS		122/122			C		
			PCS		18/114			P		
			PCS		94/118			P		
			PCS		50/199			P		
			PCS		1/7		HP:0012833	P		
			PCS	HP:0003593	1/7			P		
			PCS		1/7		HP:0012825	P		
			PCS		6/71			P		
			IEA		19/71			P		
			PCS	HP:0003621	9/11			P		
			PCS		5/42			P		
			PCS		26/49			P		
			PCS		10/42			P		
			PCS		12/42			P		
			PCS		9/49			P		
			PCS		17/42			P		
			PCS		23/42			P		
			PCS		33/42			P		
			PCS		34/47			P		
			PCS		33/47			P		
			PCS		24/42			P		
			PCS		23/49			P		
			PCS	HP:0003593	4/5			P		
			PCS		0/21			P		
			PCS		13/35	MALE		P		
			PCS	HP:0003577	64/71			P		
			PCS		10/71			P		
			PCS		7/71			P		
			PCS		14/71			P		
			PCS		16/71			P		
			PCS	HP:0003581	2/17			P		
			PCS	HP:0003581	7/17			P		
			PCS	HP:0003577	14/14			P		
			PCS	HP:0011462	1/5			P		
			PCS		5/31			P		
			PCS		6/16			C		
			PCS		11/18			C		
			PCS		4/19		HP:0012825	P		
			PCS		1/71			P		
			PCS		2/71			P		
			PCS		26/39			P		
			PCS		15/71			P		
			PCS		3/71			P		
			PCS		106/111			P		
			PCS		59/112			P		
			PCS		13/26			P		
			PCS		12/14		HP:0012825	P		
			PCS		35/293			P		
			PCS		8/121			C		
			PCS		113/121			C		
			PCS	HP:0003596	68/117			P		
			PCS		12/48			P		
			PCS		2/17	FEMALE		P		
			PCS		51/91			P		
			PCS		36/130			P		
			PCS	HP:0003577	1/33			P		
			PCS		99/139			P		
			PCS		30/116			P		
			PCS		48/135			P		
			PCS		13/106			P		
			PCS		12/39			P		
			PCS		21/72			P		
			PCS		16/57			P		
			PCS		11/26			P		
			PCS		28/39			P		
			PCS		13/151			P		
			PCS		9/44			P		
			PCS		16/66			P		
			PCS		16/27	FEMALE		P		
			PCS		26/78			P		
			PCS		60/111			P		
			PCS		33/63			P		
			PCS	HP:0003581	13/42			P		
			PCS		94/128			P		
			PCS		42/125			P		
			PCS		19/61			P		
			PCS		103/199		HP:0012825	P		
			PCS		14/46			P		
			PCS		12/32			P		
			PCS		7/45			P		
			PCS		67/109			P		
			TAS		15/15			P		
			PCS		1/22		HP:0012833	P		
			PCS	HP:0003623	4/22			P		
			PCS	HP:0003577	1/21			P		
			PCS		10/36			P		
			PCS	HP:0003581	3/8			P		
			PCS	HP:0003593	10/15			P		
			PCS	HP:0011461	3/15			P		
			PCS		9/14			C		
			PCS	HP:0003581	19/19			P		
			PCS		7/16			C		
			IEA		HP:0040281			P		
			PCS		8/37			C		
			PCS		2/37			C		
			PCS		16/40			P		
			PCS		20/40			P		
			PCS		19/37			C		
			PCS		7/37			C		
			PCS		1/37			C		
			PCS		8/40			P		
			PCS		4/4		HP:0025377	P		
			PCS		8/9		HP:0025377	P		
			PCS		21/505			P		
			PCS		21/50			P		
			PCS		30/50			P		
			PCS	HP:0003577	HP:0040281			P		
			IEA	HP:0003577	4/5			P		
			PCS		12/56			P		
			PCS		21/27			P		
			PCS		37/40			P		
			PCS		40/40			C		
			PCS		29/66			P		
			PCS	HP:0003596	1/8			P		
			PCS		32/38			P		
			PCS		15/38			P		
			IEA		27/38			P		
			PCS		9/11	MALE		P		
			PCS		3/13	FEMALE		P		
			PCS		2/5		HP:0012825	P		
			PCS		20/20		HP:0012825	P		
			PCS		52/53			P		
			PCS		24/26			P		
			PCS		1/3		HP:0011010	P		
			PCS	HP:0003577	12/12			P		
			IEA		2/2		HP:0031796	P		
			PCS		11/40			P		
			PCS		7/49			P		
			IEA		0/18			P		
			PCS		1/40		HP:0012825	P		
			PCS	HP:0003577	1/24			P		
			PCS		18/28			P		
			PCS	HP:0003577	2/24			P		
			PCS	HP:0003577	21/24			P		
			IEA		11/14			P		
			PCS	HP:0003581	14/25			P		
			PCS	HP:0003581	19/25			P		
			PCS	HP:0003593	6/10			P		
			PCS		7/14			C		
			PCS		12/25			P		
			PCS		2/3		HP:0033184	P		
			PCS		1/3		HP:0033184	P		
			IEA		1/8			P		
			PCS		24/27			C		
			PCS		11/11		HP:0012828	P		
			PCS	HP:0003621	6/6			P		
			PCS	HP:0011462	2/6			P		
			TAS		15/20			P		
			TAS		HP:0040283			I		
			PCS	HP:0011461	1/6			P		
			TAS		15/48			P		
			PCS		4/53			P		
			PCS		5/48			P		
			PCS		19/60			P		
			PCS		42/50			P		
			TAS		8/60			P		
			PCS	HP:0003623	5/10			P		
			TAS	HP:0003581	40%			P		
			PCS	HP:0003581	10/46			P		
			PCS	HP:0003577	16/16			P		
			IEA		0/11			P		
			PCS	HP:0003577	2/2	MALE		P		
			PCS		2/19			C		
			PCS		6/19			C		
			PCS		10/19			C		
			PCS	HP:0003577	5/18			P		
			PCS	HP:0003577	5/8			P		
			PCS	HP:0003596	2/3			P		
			PCS	HP:0003623	3/9			P		
			PCS		7/29			C		
			PCS		21/30			C		
			PCS		19/27			P		
			PCS	HP:0011461	3/11			P		
			PCS		0/33			P		
			PCS		59/59			P		
			PCS	HP:0011463	9/23			P		
			PCS	HP:0011462	3/11			P		
			PCS		5/9		HP:0012825	P		
			PCS		2/9		HP:0011010	P		
			PCS	HP:0003593	2/6			P		
			PCS		2/17		HP:0012825	P		
			PCS		3/3		HP:0025206	P		
			PCS		15/17		HP:0025206;HP:0025206;HP:0025206	P		
			PCS		2/3		HP:0025206	P		
			PCS		16/16		HP:0025206;HP:0025206;HP:0025206	P		
			PCS		1/3		HP:0025206	P		
			PCS		9/10		HP:0025206;HP:0025206;HP:0025206	P		
			PCS	HP:0003593	3/3		HP:0025206	P		
			PCS		3/4		HP:0025206	P		
			PCS		3/6		HP:0025206	P		
			PCS		5/7		HP:0025206;HP:0025206	P		
			PCS		1/108			P		
			PCS		32/42			C		
			PCS		79/86			P		
			PCS		81/87			P		
			PCS		9/42			C		
			TAS		81/87			P		
			PCS		58/103			P		
			PCS		1/42			C		
			PCS	HP:0011463	67/85			P		
			PCS		72/85			P		
			PCS		54/86			P		
			PCS		34/84			P		
			PCS		5/108			P		
			PCS		17/81			P		
			PCS		18/86		HP:0012825	P		
			PCS		91/95			P		
			PCS		3/103			P		
			PCS		8/108			P		
			PCS		28/84			P		
			PCS		5/84			P		
			PCS		1/14			C		
			PCS		12/18			C		
			PCS	HP:0030674	2/3			P		
			PCS	HP:0030674	1/3			P		
			PCS	HP:0025708	1/1			P		
			PCS		31/34		HP:0011010	P		
			PCS	HP:0003577	11/16			P		
			PCS		35/35		HP:0011010	P		
			PCS		31/34			P		
			PCS		31/35			P		
			PCS		34/36			P		
			PCS		25/35			P		
			PCS		1/8		HP:0012828	P		
			PCS		4/5		HP:0012825	P		
			PCS	HP:0003581	2/2		HP:0003676	P		
			PCS		12/12	MALE		P		
			PCS		172/174			P		
			PCS		101/202			P		
			PCS		49/196			P		
			PCS	HP:0003584	3/3			P		
			PCS	HP:0011461	1/14			P		
			PCS	HP:0011461	2/14			P		
			PCS		1/7	FEMALE		P		
			PCS		4/15	FEMALE		P		
			PCS		1/13	MALE		C		
			PCS		4/13	MALE		P		
			PCS		2/13	MALE		P		
			PCS		3/13	MALE		P		
			PCS		13/13	MALE		C		
			PCS		2/15	FEMALE		P		
			PCS		10/13	MALE		P		
			PCS		12/13	MALE		P		
			TAS		2/13	MALE		P		
			PCS		2/13	MALE		C		
			PCS		27/638			P		
			PCS		18/28			C		
			PCS		0/42			P		
			PCS		42/42			C		
			PCS				HP:0031375	P		
			PCS		HP:0040280			I		
			PCS		1/2			H		
			PCS		52%			P		
			PCS		46%			P		
			PCS		30%			P		
			PCS		71%			P		
			IEA		6/14			P		
			PCS		4/8	MALE		P		
			PCS		3/3		HP:0012837	P		
			PCS		3/34			P		
			PCS		27/35			P		
			PCS		34/35			P		
			PCS	HP:0003623	5/19			P		
			PCS		3/79			P		
			TAS		9/19			P		
			PCS		6/79			P		
			PCS		9/79			P		
			PCS		40/90			P		
			PCS		1/79			P		
			PCS		7/79			P		
			PCS	HP:0003577	1/3	MALE		P		
			PCS		6/6			H		
			PCS	HP:0011461	4/6			P		
			PCS	HP:0030674	1/5			P		
			IEA	HP:0011461	1/5			P		
			PCS		1/44			P		
			PCS		37/44			P		
			PCS		10/44			P		
			PCS		28/44			P		
			PCS		26/44			P		
			PCS		23/44			P		
			PCS	HP:0003621	2/5			P		
			PCS		16/16		HP:0012828	P		
			PCS		7/52			P		
			PCS		27/53			P		
			PCS		17/77			C		
			PCS		12/59			P		
			PCS		57/84			C		
			PCS		30/63			P		
			PCS		15/36			P		
			PCS		99/99			P		
			PCS		16/36			P		
			PCS		8/52			P		
			PCS		15/68			P		
			PCS		12/68			P		
			PCS		7/51			P		
			PCS		18/59			P		
			PCS		2/38			C		
			PCS		5/63			P		
			PCS		5/66			P		
			PCS		18/36			P		
			PCS		11/67			P		
			PCS		7/47			P		
			PCS		9/64			C		
			PCS		14/67			P		
			PCS		8/66			P		
			PCS		6/48			P		
			PCS		11/68			P		
			PCS		36/51			P		
			PCS		58/59		HP:0012828	P		
			PCS		13/49			P		
			PCS		32/55			P		
			PCS		26/58			P		
			PCS		32/62			P		
			PCS		15/56			P		
			PCS		1/46			P		
			PCS		11/46			P		
			PCS		4/6		HP:0025377	P		
			PCS		3/3		HP:0025377	P		
			PCS		38/119			P		
			PCS		24/76			P		
			PCS		10/111			P		
			PCS	HP:0011463	49/125			P		
			PCS		29/114			P		
			PCS	HP:0011463	HP:0040282			P		
			PCS	HP:0003621	HP:0040282			P		
			PCS		9/104			P		
			PCS		27/104			P		
			PCS		55/104			P		
			PCS		2/110			P		
			PCS		30/125			P		
			PCS		112/125			P		
			PCS		33/124			P		
			PCS		6/115			P		
			PCS		8/111			P		
			PCS		10/53			P		
			PCS		114/124			P		
			PCS		1/117			P		
			PCS		8/125			P		
			PCS		2/125			P		
			PCS		3/125			P		
			PCS		1/115			P		
			PCS		2/115			P		
			PCS		5/109			P		
			PCS		41/41			P		
			PCS		4/115			P		
			PCS		4/117			P		
			PCS		52/56			P		
			PCS		10/109			P		
			PCS		26/104			P		
			PCS		1/109			P		
			PCS		4/125			P		
			PCS		3/104			P		
			PCS	HP:0003621	HP:0040283			P		
			PCS		19/91			P		
			PCS		0/84			P		
			PCS		5/125			P		
			PCS		35/125			P		
			PCS		6/118			P		
			PCS		2/117			P		
			PCS		14/104			P		
			PCS		12/92			P		
			PCS		39/109			P		
			PCS	HP:0003621	HP:0040284			P		
			PCS		7/104			P		
			PCS		13/109			P		
			PCS		10/104			P		
			PCS	HP:0011463	4/4		HP:0012828	P		
			IEA		6/6			P		
			PCS		4/4	FEMALE		P		
			PCS			MALE	HP:0012828	P		
			PCS			MALE		C		
			PCS	HP:0003577	1/2	FEMALE		P		
			PCS	HP:0003577	1/1	MALE		P		
			PCS	HP:0003577	1/1	FEMALE		P		
			PCS		13/28			P		
			PCS		8/20			C		
			PCS		1/20			C		
			PCS		11/20			C		
			PCS	HP:0003621	4/5			P		
			PCS	HP:0011463	1/6			P		
			PCS		2/2		HP:0012840	P		
			PCS	HP:0011461	4/5			P		
			PCS	HP:0003593	8/14			P		
			PCS		16/25			C		
			PCS		9/25			C		
			PCS		24/28			P		
			PCS	HP:0011462	5/5			P		
			PCS	HP:0003593			HP:0003676	P		
			PCS		1/4		HP:0003676	P		
			PCS	HP:0011461	8/8			P		
			PCS		51/72			P		
			PCS		43/66			P		
			PCS		1/53			P		
			PCS		17/68			P		
			PCS		74/74			P		
			PCS		9/60			P		
			PCS		74/75			P		
			PCS		24/49			P		
			PCS		66/73			P		
			PCS	HP:0003577	62/71			P		
			PCS		1/35			C		
			PCS		16/35			C		
			IEA		7/40			P		
			PCS		3/35			C		
			PCS		15/35			C		
			PCS		17/31			C		
			PCS		13/31			C		
			PCS		1/31			C		
			PCS		23/31			P		
			PCS		12/33			P		
			IEA		7/11			P		
			PCS		22/34			P		
			PCS		28/34			P		
			PCS		9/34			P		
			PCS		33/34			P		
			PCS		26/34			P		
			PCS		5/34			P		
			PCS		32/34			P		
			PCS		25/34			P		
			PCS		14/34			P		
			PCS		17/50			P		
			PCS	HP:0003593	27/27			P		
			PCS		18/92			P		
			PCS		13/92			P		
			PCS		46/102			P		
			PCS		26/127			P		
			PCS	HP:0003593	3/9			P		
			PCS	HP:0003577	1/9			P		
			PCS		21/22			C		
			IEA		4/15			P		
			PCS		1/10		HP:0033198	P		
			TAS		1/1			H		
			PCS		1/1		HP:0025221	P		
			TAS		1/1		HP:0025221	P		
			PCS	HP:0003593	17/17			P		
			PCS	HP:0003593	16/17			P		
			TAS				HP:0033789	P		
			PCS	HP:0003623	11/13			P		
			PCS	HP:0003593	13/13			P		
			IEA		1/14			P		
			PCS	HP:0003581	6/6			P		
			PCS	HP:0011463	21/22			P		
			PCS	HP:0003577	1/22			P		
			PCS	HP:0003577	2/11			P		
			PCS		7/9	MALE		P		
			PCS		7/109			P		
			IEA		7/9			P		
			PCS	HP:0011463	11/14			P		
			TAS		1/86			P		
			PCS		5/5		HP:0003676	P		
			PCS		3/53			P		
			PCS		29/199			P		
			PCS		110/573			P		
			PCS		8/573			P		
			PCS		118/199			P		
			PCS		45/58			P		
			PCS		8/53			P		
			PCS		31/146			P		
			PCS		7/53			P		
			PCS		37/146			P		
			PCS		19/53			P		
			PCS		11/53			P		
			PCS		25/63			P		
			PCS		112/140			P		
			PCS		44/146			P		
			PCS		58/146			P		
			PCS		12/573			P		
			PCS		6/53			P		
			PCS	HP:0011462	HP:0040284			P		
			PCS		140/292			P		
			PCS		54/146			P		
			PCS		34/53			P		
			PCS		33/53			P		
			PCS		72/626			P		
			PCS		124/197			P		
			PCS		13/53			P		
			PCS		2/53			P		
			PCS		49/146			P		
			PCS		3/573			P		
			PCS		31/53			P		
			PCS		119/251			P		
			PCS		38/53			P		
			PCS		36/53			P		
			PCS		29/625			P		
			PCS		67/111			P		
			PCS		93/251			P		
			PCS	HP:0003577	28/28			P		
			PCS		23/26			P		
			PCS		19/26			P		
			PCS		15/26			P		
			PCS		12/16			C		
			PCS				HP:0012832	P		
			PCS		35/60			P		
			PCS		13/30			P		
			PCS		26/42			P		
			PCS		44/73			P		
			PCS		42/73			P		
			PCS		35/66			P		
			PCS		33/59			P		
			PCS		25/74			P		
			PCS		43/74			P		
			PCS		24/70			P		
			PCS	HP:0003577	1/8			P		
			PCS	HP:0003577	1/13			P		
			PCS	HP:0003593	2/13			P		
			PCS	HP:0011463	3/3		HP:0012825	P		
			PCS		71/71			C		
			PCS		0/71			P		
			PCS		71/71			P		
			PCS		8/8	MALE		P		
			PCS		19/41			P		
			PCS		7/40			P		
			PCS		52/77			P		
			PCS		40/73			P		
			PCS		29/64			P		
			PCS	HP:0003623	79/85			P		
			PCS		21/61			P		
			PCS		126/126			P		
			IEA		5/23			P		
			PCS		8/49			P		
			PCS		27/61			P		
			PCS		4/67			P		
			PCS	HP:0003623	83/85			P		
			TAS		0/2			P		
			PCS		1/1		HP:0012828	P		
			PCS		1/8			H		
			PCS	HP:0003593	2/7			P		
			PCS		23/33			P		
			IEA		4/5			P		
			IEA		2/5			P		
			IEA		6/10			P		
			PCS	HP:0003581	18/18		HP:0012825	P		
			PCS	HP:0030674	3/7			P		
			PCS	HP:0030674	2/7			P		
			PCS		11/11		HP:0012825	P		
			PCS	HP:0003577	3/8			P		
			IEA	HP:0011461	3/3			P		
			PCS		13/24			P		
			PCS		1/24		HP:0012833	P		
			IEA		8/24			P		
			IEA		20/24			P		
			PCS	HP:0030674	2/2		HP:0012828	P		
			PCS	HP:0003621	10/10		HP:0012832	P		
			PCS	HP:0011461	2/6			P		
			PCS	HP:0011462	1/7			P		
			PCS		5/20			C		
			PCS		13/18			C		
			IEA		3/8			C		
			TAS			FEMALE		H		
			IEA	HP:0003593	HP:0040280			P		
			TAS		2/7			P		
			TAS		3/7			P		
			PCS	HP:0003584	2/3			P		
			PCS	HP:0003584	4/4			P		
			PCS		7/7		HP:0025295;HP:0025295	P		
			PCS		11/72			P		
			PCS		4/72			P		
			PCS	HP:0003577	4/72			P		
			PCS		9/72			P		
			PCS	HP:0003577	25/72			P		
			PCS	HP:0003577	18/72			P		
			PCS	HP:0003577	5/72			P		
			PCS		2/72			P		
			PCS		3/72			P		
			PCS		8/72			P		
			PCS		7/72			P		
			PCS		2/9		HP:0012825	P		
			PCS	HP:0011461	3/6			P		
			PCS	HP:0011463	17/17			P		
			IEA		6/10	FEMALE		P		
			TAS		2/5			P		
			PCS	HP:0011463	2/9			P		
			PCS		3/11	FEMALE		P		
			PCS		1/11	FEMALE		P		
			PCS		21/31			P		
			PCS		31/36			P		
			PCS					H		
			PCS		27/73			P		
			PCS		26/53			P		
			PCS		53/80			P		
			PCS		76/79			P		
			PCS		10/110			P		
			PCS		59/72			P		
			PCS		72/76			P		
			PCS		61/70			P		
			PCS		6/6		HP:0003676	P		
			PCS		13/33			C		
			PCS		6/33			C		
			PCS		4/33			C		
			PCS		8/33			C		
			PCS		19/33			P		
			PCS		9/9		HP:0031796	P		
			PCS		4/19			C		
			PCS		16/16		HP:0034060	P		
			PCS		11/11		HP:0034060	P		
			PCS		1/1		HP:0034060	P		
			TAS		0/1			P		
			PCS				HP:0033184	P		
			TAS		3/4			P		
			PCS		3/38			P		
			PCS		24/38			P		
			PCS		7/38			P		
			PCS		4/38			P		
			PCS		5/38			P		
			IEA	HP:0003577	3/38			P		
			PCS	HP:0003577	5/9			P		
			PCS	HP:0011461	6/7			P		
			TAS		4/10			P		
			PCS		11/29			C		
			PCS		32/43			P		
			PCS		4/48			P		
			PCS		26/32			C		
			PCS		1/10		HP:0012840	P		
			PCS	HP:0003596	4/16			P		
			PCS	HP:0003596	2/4			P		
			PCS		0/38			P		
			IEA		5/11		HP:0025212	P		
			IEA		3/5			C		
			PCS	HP:0003623	1/6			P		
			PCS	HP:0003593	18/18			P		
			IEA		1/18			P		
			PCS		34/48			C		
			PCS		6/17			C		
			PCS		34/44			P		
			PCS		11/32			P		
			PCS		25/45			P		
			PCS		5/21			C		
			PCS		21/33			P		
			PCS		4/23			C		
			PCS		23/35			P		
			PCS		19/44			P		
			PCS		25/46			P		
			PCS	HP:0003577	4/9			P		
			PCS	HP:0003623	19/20			P		
			PCS	HP:0003623	20/20			P		
			PCS	HP:0003623	3/20			P		
			PCS		1/7		HP:0031796	P		
			PCS	HP:0003581	6/9			P		
			PCS	HP:0003577	12/14			P		
			PCS		4/46			P		
			PCS		2/46			P		
			PCS		21/45			P		
			PCS		7/50			P		
			PCS		6/46			P		
			PCS		13/46			P		
			PCS		31/41			P		
			PCS		22/39			P		
			PCS		35/47			P		
			PCS		10/50			P		
			PCS		19/45			P		
			PCS		14/14		HP:0012828	P		
			PCS		11/14			C		
			PCS		1/2		HP:0033184	P		
			PCS	HP:0003621	1/2		HP:0025334	P		
			TAS	HP:0030674				P		
			PCS	HP:0011463	1/4		HP:0012832	P		
			PCS	HP:0011462	4/4			P		
			PCS		42/53			C		
			PCS		64/66			P		
			PCS		35/39			P		
			PCS		20/21			C		
			PCS		36/39			P		
			PCS		35/57			P		
			TAS		19/19			P		
			PCS		11/14	MALE		P		
			PCS		9/30	FEMALE		P		
			PCS		13/14	MALE		P		
			PCS		14/14	MALE		P		
			PCS		23/30	FEMALE		P		
			PCS		12/14	MALE		P		
			PCS		4/30	FEMALE		P		
			PCS		19/23			P		
			PCS		4/20			C		
			IEA		13/20			P		
			PCS		5/6	MALE		P		
			PCS		2/8		HP:0012825	P		
			PCS	HP:0003593	26/26			P		
			PCS		26/26			C		
			PCS		133/175			C		
			PCS		11/172			C		
			PCS		4/172			C		
			PCS		25/176			C		
			PCS		7/22			C		
			PCS		10/26			P		
			PCS		14/14	MALE		I		
			IEA	HP:0003577	13/13			P		
			PCS	HP:0003621	4/13			P		
			TAS		0/7			P		
			PCS		22/28		HP:0025377	P		
			PCS		17/28		HP:0025377	P		
			PCS		27/28		HP:0025377	P		
			IEA		0/104			P		
			TAS		0/12			P		
			TAS		12/12		HP:0012828	P		
			PCS		6/6		HP:0031375	P		
			PCS		18/29			P		
			PCS		22/29			C		
			PCS		12/46			P		
			PCS		22/54			P		
			PCS		16/29			P		
			PCS		82/210			P		
			PCS		74/109			P		
			PCS		13/79			C		
			PCS		44/136			P		
			PCS		137/142			P		
			PCS		63/79			C		
			PCS		7/142			P		
			PCS		115/131			P		
			PCS		10/142			P		
			TAS		3/79			C		
			PCS		13/142			P		
			PCS		99/126			P		
			PCS		101/116			P		
			PCS		3/20			C		
			TAS		3/11			P		
			TAS		0/11			P		
			PCS		16/27			P		
			PCS		31/38			C		
			PCS		14/33			P		
			PCS		57/64			P		
			PCS		9/38			P		
			PCS		1/38			P		
			PCS		8/45			P		
			PCS		2/44			P		
			PCS		2/36			P		
			PCS		51/55			P		
			PCS		11/38			P		
			PCS	HP:0003593	6/6		HP:0031375	P		
			PCS		4/4		HP:0012829	P		
			PCS	HP:0030674	11/11			P		
			PCS				HP:0034195	P		
			PCS	HP:0003584	1/5			P		
			PCS			FEMALE		H		
			TAS		5%			P		
			PCS		13/36			P		
			PCS					M		
			PCS		12/12		HP:0012828	P		
			IEA	HP:0003593	4/4			P		
			PCS	HP:0003621	5/10			P		
			PCS		76/266			P		
			PCS		58/266			P		
			PCS		63/266			P		
			PCS		47/266			P		
			PCS		81/266			P		
			PCS		124/266			P		
			PCS		267/267			P		
			PCS		56/266			P		
			IEA		1/11			C		
			TAS	HP:0011462				P		
			PCS		4/6	FEMALE		P		
			PCS	HP:0003577	21/21			P		
			PCS	HP:0003593	3/25			P		
			PCS	HP:0003593	5/25			P		
			PCS	HP:0003593	10/25			P		
			PCS	HP:0003581	5/13			P		
			PCS		54/115		HP:0031796	P		
			PCS		164/175		HP:0031796	P		
			PCS		13/115			P		
			PCS				HP:0031796	P		
			PCS		16/446			P		
			PCS		125/373			P		
			PCS		5/115			P		
			PCS		218/561		HP:0031796	P		
			PCS		30/446			P		
			PCS		34/446			P		
			PCS		349/488			P		
			PCS			MALE	HP:0031796	P		
			PCS		11/373			P		
			PCS		218/383		HP:0031796	P		
			PCS		17/446			P		
			PCS		89/373			P		
			PCS		520/819			P		
			PCS		353/446		HP:0031796	P		
			PCS	HP:0011463	22/35			P		
			PCS		20/38			P		
			PCS		30/39			P		
			PCS		29/39			P		
			PCS		10/34			P		
			PCS		19/36			P		
			IEA		15%			P		
			PCS		11/24			C		
			PCS		12/23			P		
			TAS	HP:0011463	3/3			P		
			TAS	HP:0003621	3/3			P		
			PCS		48/50			P		
			PCS		13/15		HP:0012828	P		
			PCS		32/42			P		
			PCS		13/35			P		
			PCS		41/43			P		
			IEA		2/42			P		
			PCS		18/45			P		
			PCS		22/42			P		
			PCS		3/39			P		
			IEA		1/42			P		
			TAS		2/22			C		
			TAS		5/6			P		
			PCS	HP:0003581	5/19			P		
			PCS		4/5	FEMALE		P		
			PCS	HP:0003593	14/14			P		
			PCS		10/40			C		
			PCS		20/40			C		
			PCS		20/78	FEMALE		P		
			PCS		HP:0040284	MALE		P		
			PCS		29/33			P		
			PCS	HP:0011463	1/2	FEMALE		P		
			PCS		15%			P		
			PCS	HP:0003581	HP:0040282			P		
			PCS		75%			P		
			PCS		80%			P		
			PCS	HP:0011462	30%			P		
			PCS		70%			P		
			PCS	HP:0003581	75%			P		
			PCS		14/15		HP:0011010	P		
			IEA	HP:0003593	1/1			P		
			IEA	HP:0003593	5/5			P		
			PCS	HP:0003581	4/16			P		
			PCS	HP:0011463	4/7			P		
			PCS		28/31			P		
			PCS	HP:0003596	2/8			P		
			PCS		6/6		HP:0031796	P		
			PCS	HP:0011461	1/13			P		
			PCS	HP:0003623	1/13			P		
			PCS	HP:0003577	4/13			P		
			PCS	HP:0011461	3/13			P		
			PCS		7/20			C		
			PCS		12/20			C		
			PCS		24/39			P		
			PCS		7/39			P		
			PCS		53/58			P		
			PCS		4/44			P		
			IEA		1/11			P		
			TAS				HP:0011010	P		
			PCS	HP:0003577	3/12			P		
			TAS		1/6			P		
			PCS	HP:0034199	2/11			P		
			PCS		8/92			P		
			PCS		5/92			P		
			PCS		10/92			P		
			PCS		9/92			P		
			PCS		3/92			P		
			PCS		58/92			P		
			PCS		4/92			P		
			PCS		20/92			P		
			PCS		25/92			P		
			PCS		92/92			C		
			PCS		7/92			P		
			PCS		72/92			P		
			PCS		2/92			P		
			PCS		7/43			P		
			PCS		39/83			H		
			PCS		19/74			P		
			PCS		11/92			P		
			PCS		40/92			P		
			PCS		1/92			P		
			PCS		10/38			P		
			PCS		60/92			P		
			TAS		1/2		HP:0012825	P		
			IEA				HP:0003680	P		
			PCS		1/1		HP:0012829	P		
			PCS	HP:0011461	3/7			P		
			PCS		1/29			H		
			IEA		13/16			P		
			PCS	HP:0003623	14/16			P		
			PCS		14/49			C		
			PCS		22/49			C		
			PCS		9/49			C		
			PCS		4/49			C		
			PCS		26/86			P		
			PCS	HP:0011462	4/4		HP:0033185	P		
			PCS		2/2		HP:0033185	P		
			IEA		11/11		HP:0012828	P		
			IEA		6/11		HP:0012828	P		
			IEA		4/11		HP:0012828	P		
			IEA		2/11		HP:0012828	P		
			IEA		5/15		HP:0012828	P		
			IEA		3/11		HP:0012828	P		
			IEA		10/11		HP:0012828	P		
			IEA		6/6	MALE	HP:0012828	P		
			PCS	HP:0003577	2/8			P		
			PCS		38/41			P		
			PCS		17/51			P		
			PCS		5/51			P		
			PCS		27/36			P		
			PCS		34/39			P		
			PCS		12/51			P		
			PCS		20/41			P		
			PCS	HP:0003621	9/9			P		
			PCS	HP:0003596		FEMALE		P		
			PCS	HP:0003577	7/7		HP:0012832	P		
			PCS	HP:0003577	14/14		HP:0012828	P		
			PCS		8/38			P		
			PCS		40/55			P		
			PCS	HP:0011461	8/15			P		
			PCS	HP:0011461	9/15			P		
			PCS		6/54			P		
			PCS		5/9	MALE		P		
			PCS		1/1		HP:0025215	P		
			PCS	HP:0003621		MALE		P		
			IEA			MALE		C		
			TAS		HP:0040282			I		
			PCS		0/75			P		
			TAS		2/12			P		
			PCS		13/24		HP:0031796	P		
			PCS		18/34			P		
			PCS	HP:0003584	2/4			P		
			PCS	HP:0003577	10/10		HP:0012828;HP:0012828	P		
			PCS		8/8		HP:0031375	P		
			PCS		2/187			P		
			PCS		4/187			P		
			PCS		38/174			P		
			PCS		7/187			P		
			PCS		43/187			P		
			PCS		6/187			P		
			PCS		35/37			P		
			IEA	HP:0011461	3/9			P		
			PCS	HP:0011461	2/9			P		
			PCS	HP:0011463		MALE		P		
			PCS		9/9		HP:0012828	P		
			IEA	HP:0003623				P		
			PCS	HP:0011461	12/18			P		
			PCS		15/26			C		
			PCS	HP:0003577	10/12			P		
			PCS		31/69			P		
			PCS		69/89			P		
			PCS		20/99			P		
			PCS		33/49			P		
			PCS		22/37			P		
			PCS		45/104			P		
			PCS		39/82			P		
			PCS		64/133			P		
			PCS		19/86			P		
			PCS		31/87			P		
			PCS		0/86			P		
			PCS		17/34			P		
			PCS		63/95			P		
			PCS		53/83			P		
			PCS		17/46			P		
			PCS		11/83			P		
			PCS		20/135			P		
			PCS		16/86			P		
			PCS		5/81			P		
			PCS		14/59			P		
			PCS		47/86			P		
			IEA	HP:0030674	3/9			P		
			PCS	HP:0003596	6/7			P		
			PCS		2/5			H		
			PCS		59/71			P		
			PCS		11/134			P		
			PCS		3/134			P		
			PCS		35/134			P		
			PCS		51/51			P		
			PCS		15/51			P		
			PCS		18/134			P		
			PCS	HP:0003581	53/134			P		
			PCS		5/11		HP:0012825	P		
			PCS		1/21		HP:0012832	P		
			IEA		3/21			P		
			PCS	HP:0003577	17/20			P		
			PCS	HP:0011461	12/19			P		
			PCS		4/5		HP:0033185	P		
			PCS	HP:0003593	13/15			P		
			IEA		1/15			P		
			PCS	HP:0003596	5/5			P		
			PCS		12/18		HP:0031796	P		
			TAS		7/8			P		
			TAS		5/7			P		
			TAS		5/7			I		
			PCS	HP:0003593			HP:0012828	P		
			PCS	HP:0003593	21/21			P		
			PCS		12/12		HP:0003676	P		
			PCS		10/10		HP:0012829	P		
			PCS		10/10		HP:0003676	P		
			PCS		1/13		HP:0012825	P		
			PCS		7/27			P		
			TAS	HP:0003593	HP:0040283			P		
			TAS		2/17			P		
			TAS		1/17			P		
			TAS		3/17			P		
			TAS		7/17			P		
			PCS	HP:0030674	5/5			P		
			PCS	HP:0011462	7/13			P		
			PCS	HP:0003593	4/4		HP:0012829	P		
			IEA		1/6			C		
			PCS		27/34			P		
			PCS		14/37			P		
			PCS		5/41			P		
			PCS		16/33			P		
			PCS		24/36			P		
			PCS		23/36			P		
			PCS		6/45			P		
			IEA	HP:0003577	15/26			P		
			PCS	HP:0003577	7/27			P		
			PCS	HP:0003577	11/25			P		
			PCS	HP:0003577	24/27			P		
			PCS	HP:0003577	23/27			P		
			PCS		5/12	MALE		P		
			PCS	HP:0003577	HP:0040282			P		
			PCS		78/88			P		
			PCS		28/46			P		
			PCS	HP:0003581	10/13			P		
			TAS		5/9			P		
			PCS		100%			P		
			IEA	HP:0003577	HP:0040283			P		
			PCS	HP:0003623	2/9			P		
			PCS		19/64			P		
			PCS		8/32			P		
			PCS	HP:0011461	3/32			P		
			PCS		25%			P		
			PCS				HP:0025215	P		
			IEA		11%			P		
			PCS	HP:0025710	3/4			P		
			PCS	HP:0011461	13/14			P		
			PCS	HP:0003593	15/15			P		
			PCS	HP:0011462	22/86			P		
			PCS		28/38			P		
			PCS	HP:0011463	4/15			P		
			PCS	HP:0003581	6/13			P		
			PCS		187/187			P		
			PCS	HP:0003581	9/33			P		
			PCS	HP:0003593	8/13			P		
			PCS	HP:0003581		MALE		P		
			PCS	HP:0003593	14/15			P		
			PCS		6/12	MALE		P		
			PCS		1/4		HP:0025228	P		
			PCS		17/21		HP:0025228;HP:0025228	P		
			PCS		3/17		HP:0025228	P		
			PCS		3/4		HP:0025228	P		
			PCS				HP:0012834	P		
			PCS		13/14		HP:0012837	P		
			PCS		19/21			C		
			PCS		23/66			P		
			PCS		31/154			P		
			PCS	HP:0003623	HP:0040281			P		
			PCS		146/244			C		
			PCS		210/786			P		
			PCS		10/66			P		
			PCS		42/66			P		
			PCS	HP:0003593	HP:0040281			P		
			PCS		105/165			P		
			PCS		216/244			P		
			PCS		1/82			P		
			PCS	HP:0011462	12/82			P		
			PCS		98/244			C		
			PCS		14/244			P		
			PCS		55/244			P		
			PCS		70/244			P		
			PCS		16/244			P		
			PCS	HP:0011461	57/244			P		
			PCS		150/180			P		
			PCS		146/244			P		
			PCS		50/62			P		
			PCS		244/244			P		
			PCS		90/165			P		
			PCS		50/244			P		
			PCS	HP:0011463	85/180			P		
			PCS		118/130			P		
			PCS	HP:0003581	3/67			P		
			PCS	HP:0003596	11/35			P		
			PCS		50/195			P		
			PCS	HP:0003581	2/26			P		
			PCS		38/40			P		
			PCS	HP:0003596	17/50			P		
			PCS		19/67			P		
			PCS	HP:0003581	7/15			P		
			PCS	HP:0003581	4/99			P		
			PCS		3/67			P		
			PCS		25/120			P		
			PCS		5/120			P		
			PCS		12/120			P		
			PCS		59/120			P		
			PCS	HP:0030674	1/12			P		
			PCS	HP:0011461	33/35			P		
			IEA		9/12			P		
			IEA		3/12			P		
			IEA		5/12			P		
			PCS	HP:0030674	7/7			P		
			PCS		11/11		HP:0003676	P		
			PCS		24/51			P		
			PCS		28/51			P		
			PCS		18/51			P		
			PCS		39/47			P		
			PCS		2/47			P		
			TAS		52/53			P		
			PCS		7/12	MALE		P		
			PCS		3/7	MALE		P		
			PCS		5/7	MALE		P		
			PCS		3/8	MALE		P		
			PCS	HP:0003593	8/10	MALE		P		
			PCS	HP:0003577	3/13			P		
			PCS	HP:0003596	2/5			P		
			TAS				HP:0012833	P		
			PCS		3/3		HP:0012839	P		
			PCS		19/37			P		
			PCS		14/24			C		
			PCS	HP:0003584	1/9			P		
			PCS		10/17			C		
			PCS		1/41			C		
			PCS		8/41			C		
			PCS		2/41			C		
			PCS		19/41			C		
			PCS		4/25			C		
			TAS		3/13			P		
			TAS		5/12			P		
			PCS			MALE	HP:0012833	P		
			PCS		7/44			P		
			PCS		51/57			P		
			PCS		0/44			P		
			PCS		30/38			P		
			PCS	HP:0011463	3/5			P		
			PCS		52/85			P		
			PCS		68/84			P		
			PCS		16/26			P		
			PCS		49/66			P		
			PCS		105/105			P		
			PCS		46/52			P		
			PCS		35/59			P		
			PCS		38/108			P		
			PCS	HP:0003584	15/26			P		
			PCS		77/86			P		
			PCS		15/1488			P		
			TAS		20/20		HP:0012828	P		
			IEA		5/13			C		
			IEA		2/10			C		
			PCS		22/36			P		
			PCS		35/36			P		
			PCS		22/23			C		
			PCS		29/33			C		
			PCS	HP:0030674	14/29			P		
			PCS	HP:0003593	13/24			P		
			PCS	HP:0011463	3/3		HP:0012828	P		
			PCS		700/1827			P		
			PCS	HP:0011462	1/6			P		
			PCS		19/20			C		
			PCS		13/15			C		
			IEA		6/12			P		
			PCS		3/7		HP:0025303	P		
			PCS	HP:0003623	2/7			P		
			PCS		1/6	MALE		P		
			PCS	HP:0011463	1/7			P		
			PCS	HP:0003577	45/45			P		
			PCS		33/41			P		
			IEA		28/35			P		
			PCS	HP:0003577	3/30			P		
			PCS	HP:0030674	3/5			P		
			PCS	HP:0003577	2/30			P		
			PCS		21/24			C		
			PCS	HP:0003593	4/28			P		
			PCS		1/15	MALE		P		
			PCS		13/34			P		
			PCS	HP:0030674	10/10			P		
			PCS		2/4		HP:0012828	P		
			PCS	HP:0003621	8/12			P		
			IEA				HP:0031796	P		
			PCS	HP:0003593	16/16			P		
			PCS		4/8		HP:0012825	P		
			TAS		4/5			P		
			IEA		2/2		HP:0012825	P		
			PCS	HP:0034198	1/1			P		
			IEA		8/13			C		
			PCS		9/9		HP:0012825	P		
			PCS	HP:0003581	13/13			P		
			PCS	HP:0003577	6/6		HP:0012832	P		
			PCS		26/69			P		
			IEA		30/63			P		
			IEA		17/69			P		
			PCS		8/68			C		
			PCS		38/52			P		
			PCS		38/68			C		
			PCS		17/69			P		
			IEA		54/54			P		
			PCS		15/68			C		
			PCS		4/68			C		
			PCS		48/69			P		
			PCS		3/68			C		
			PCS		11/69			P		
			PCS		51/54			P		
			IEA		12/54			P		
			PCS		53/56			P		
			PCS		4/69			P		
			IEA		6/8			P		
			PCS	HP:0003577	3/3		HP:0012829	P		
			PCS		24/24			C		
			PCS		9/23			P		
			PCS		2/7	MALE		P		
			PCS	HP:0003581	4/11			P		
			IEA		6/27			P		
			PCS		18/32			P		
			PCS		17/136			P		
			PCS		7/136			P		
			PCS		22/97			P		
			PCS		70/84			P		
			PCS		40/109			P		
			PCS		67/136			P		
			PCS		18/136			P		
			PCS		16/97			P		
			PCS		23/79			P		
			PCS		4/134			P		
			PCS		8/79			P		
			PCS		9/97			P		
			PCS		58/108			P		
			PCS		57/135			P		
			PCS		91/108			P		
			PCS		144/146		HP:0012828	P		
			PCS		124/136			P		
			PCS		40%			P		
			PCS	HP:0003623	4/11			P		
			PCS	HP:0003593	5/11			P		
			IEA		8/12			P		
			PCS		51/163			P		
			PCS		4/88			P		
			PCS		42/163			P		
			TAS		35%			P		
			TAS		4/12			P		
			TAS		10/12			P		
			TAS		11/58			P		
			PCS		18/31			C		
			TAS		4/11			C		
			TAS		4/9			P		
			PCS		19/33			C		
			PCS		11/37			C		
			PCS		54/58			P		
			PCS		43/45			P		
			PCS		1/6		HP:0012833	P		
			PCS		1/4		HP:0012833	P		
			PCS		7/7		HP:0012825	P		
			PCS		29/65			P		
			PCS		8/28	FEMALE		C		
			PCS		20/49			P		
			PCS	HP:0011463	48/49			P		
			PCS		11/126			P		
			PCS		19/126			P		
			PCS		5/62			P		
			PCS		35%			P		
			PCS		33%			P		
			IEA		10/20			P		
			TAS		44%			P		
			PCS		9/11	FEMALE		P		
			PCS		0/9	MALE		P		
			PCS		7/11	FEMALE		P		
			PCS		10/11	FEMALE		P		
			PCS		4/9	MALE		P		
			PCS		0/11	FEMALE		P		
			PCS		3/9	MALE		P		
			PCS		5/11	FEMALE		P		
			PCS		1/9	MALE		P		
			PCS		2/11	FEMALE		P		
			PCS		6/11	FEMALE		P		
			PCS		50/66			C		
			PCS	HP:0011461	22/66			P		
			PCS		16/66			C		
			PCS	HP:0003577	3/20			P		
			PCS		1/6		HP:0003676	P		
			TAS		4/11			P		
			PCS		37/38			P		
			PCS		18/38			P		
			IEA		7/38			P		
			IEA		2/38			P		
			PCS	HP:0011461	7/11			P		
			PCS		0/53			P		
			PCS		14/53			P		
			PCS		53/53			P		
			PCS		53/53			C		
			PCS		23/51			P		
			PCS		29/41			P		
			TAS		37%			P		
			TAS		55%			P		
			TAS		11%			P		
			TAS		6%			P		
			TAS		64%			P		
			PCS	HP:0003623	1/21			P		
			PCS	HP:0003623	12/19			P		
			TAS		6/20			P		
			PCS		13/14		HP:0025301	P		
			IEA		8/10			P		
			PCS		9/19			C		
			PCS		12/21			C		
			PCS		1/1		HP:0011010	P		
			PCS		27/62			P		
			PCS		28/62			P		
			PCS		49/62			P		
			PCS		47/62			P		
			PCS		26/62			P		
			PCS	HP:0011463	11/12			P		
			PCS	HP:0003577	7/10			P		
			PCS	HP:0011461	8/10			P		
			PCS		8/9		HP:0031796	P		
			PCS		4/29			C		
			PCS		1/7		HP:0012834	P		
			PCS		2/7		HP:0012825	P		
			PCS	HP:0003577	1/7		HP:0012832	P		
			PCS		4/7		HP:0012833	P		
			IEA		4/6			C		
			PCS		2/6		HP:0031796	P		
			PCS	HP:0011463	1/1		HP:0025303	P		
			PCS		4/4		HP:0025303	P		
			PCS	HP:0011462	19/19			P		
			PCS	HP:0003577	6/9			P		
			IEA		1/1	FEMALE		P		
			PCS		9/16			C		
			PCS	HP:0003581	15/15			P		
			PCS		17/20			C		
			IEA	HP:0030674	2/2			P		
			PCS		7/7		HP:0031375	P		
			PCS		3/6		HP:0012825	P		
			PCS	HP:0003621	11/14			P		
			PCS		14/51			P		
			PCS		44/52			P		
			PCS		38/56			P		
			PCS		43/53			P		
			PCS		61/65			P		
			PCS		50/76			P		
			PCS		13/39			P		
			PCS		75/83			P		
			PCS		29/55			P		
			PCS		58/63			P		
			PCS		38/54			P		
			PCS		51/58			P		
			PCS		1/2		HP:0011010	P		
			PCS	HP:0011463	11/11			P		
			PCS		66/67			P		
			PCS		6/66			P		
			PCS		13/52			P		
			PCS		51/52			P		
			PCS		65/66			P		
			PCS		3/80			P		
			PCS		25/68			P		
			PCS	HP:0034198	2/3			P		
			PCS		77.8%			P		
			PCS		14/433			P		
			PCS		56.8%			P		
			PCS		104/224			P		
			PCS		343/446			P		
			PCS		14/190			P		
			PCS	HP:0003593	79.1%			P		
			PCS		40.7%			P		
			PCS		109/383			P		
			PCS		379/480			P		
			PCS		9/395			P		
			PCS		68/96			P		
			PCS		34.6%			P		
			IEA		3/63			P		
			PCS		3/22	MALE		P		
			PCS		71/119			P		
			PCS		79.6%			P		
			PCS		22/221			P		
			PCS		193/332			P		
			PCS		59/233			P		
			PCS		105/244			P		
			PCS		272/613			P		
			IEA		23/63	MALE		P		
			PCS		51/123			P		
			PCS	HP:0003581	2/6			P		
			PCS				HP:0025377	P		
			PCS		6/88			P		
			PCS		2/48			P		
			PCS		29/45			P		
			PCS		61/88			P		
			PCS		33/68			P		
			PCS		32/64			P		
			PCS		2/80			P		
			PCS		36/88			P		
			PCS		18/80			P		
			PCS		7/80			P		
			PCS		5/80			P		
			PCS		15/48			P		
			PCS		48/70			P		
			PCS		15/80			P		
			PCS		8/48			P		
			PCS		23/59			P		
			PCS		54/88			P		
			PCS		42/61			P		
			PCS		27/48			P		
			PCS		18/77			P		
			PCS		25/30			C		
			PCS		4/30			C		
			PCS		1/30			C		
			PCS	HP:0003593	19/19			P		
			PCS		3/59			P		
			PCS		2/59			P		
			PCS		1/59			P		
			PCS		4/59			P		
			PCS		5/59			P		
			PCS		8/59			P		
			PCS	HP:0003593	15/17			P		
			PCS	HP:0003577	5/20			P		
			PCS	HP:0003623	9/18			P		
			IEA	HP:0003596				P		
			PCS		9/24			C		
			IEA	HP:0030674	1/2			P		
			PCS		4/14		HP:0012825	P		
			PCS		10/10		HP:0012825;HP:0012825	P		
			IEA		9/15			P		
			IEA		5/15			P		
			IEA		7/21			P		
			IEA		8/19			P		
			PCS		1/2	FEMALE		P		
			IEA		28/63			P		
			PCS		8/63			P		
			PCS		9/63			P		
			PCS		45/63			P		
			PCS		21/63			P		
			PCS		11/63			P		
			PCS		50/63			P		
			PCS		51/73			P		
			PCS		34/63			P		
			PCS		23/63			P		
			PCS		7/63			P		
			PCS		40/63			P		
			PCS		14/63			P		
			TAS		63/63			P		
			PCS		61/63			P		
			PCS		15/63			P		
			PCS		96/126			P		
			PCS		63/63			C		
			PCS		39/63			P		
			PCS		17/63			P		
			PCS		15/73			P		
			PCS		6/63			P		
			PCS		10/63			P		
			PCS		20/63			P		
			PCS		25/73			P		
			PCS		19/63			P		
			PCS		38/63			P		
			PCS		24/63			P		
			PCS	HP:0003621	6/8			P		
			PCS	HP:0003593	1/14			P		
			IEA		7/10			P		
			PCS		15/16			C		
			IEA				HP:0031375	P		
			PCS		39/54			P		
			PCS		61/66			P		
			TAS		90%			P		
			TAS		15%			P		
			TAS		40%			P		
			TAS		33%			P		
			TAS		27%			P		
			TAS		69%			P		
			PCS	HP:0003623	9/13			P		
			PCS	HP:0003623	7/14			P		
			PCS	HP:0003577	5/24			P		
			IEA		10/24			P		
			PCS		26/48			P		
			PCS		6/13	MALE		P		
			PCS		5/8	MALE		P		
			PCS	HP:0003577	20/20			P		
			PCS		14/30			C		
			PCS		2/30			C		
			PCS		10/30			C		
			PCS		23/37			C		
			PCS		21/37			P		
			PCS		14/37			C		
			PCS		1/2			I		
			PCS		91/182			P		
			PCS		30/66			C		
			PCS		50/89			C		
			PCS		20/33			C		
			PCS		33/57			P		
			PCS		42/72			P		
			PCS		25/65			P		
			PCS		50/57			P		
			PCS		36/85			P		
			PCS		100/130			P		
			PCS	HP:0003577	13/30			P		
			PCS		4/9	FEMALE		P		
			PCS		9/9	FEMALE		P		
			PCS		HP:0040282			C		
			TAS		3/5	FEMALE		P		
			PCS		27/27		HP:0025206	P		
			PCS		20/20		HP:0025206	P		
			PCS		12/20		HP:0025206	P		
			PCS		1/5		HP:0025206	P		
			PCS		6/20		HP:0025206	P		
			PCS	HP:0003623	5/9			P		
			PCS	HP:0003581	17/40			P		
			IEA	HP:0003577	1/5			P		
			PCS	HP:0003581	3/40			P		
			PCS	HP:0011461	3/8			P		
			PCS	HP:0003581	1/40			P		
			PCS	HP:0003584	1/40			P		
			PCS		23/47			P		
			PCS	HP:0003593	1/1		HP:0012828	P		
			TAS	HP:0003577			HP:0012832	P		
			PCS		22/30			C		
			PCS		19/35			P		
			PCS		8/30			C		
			PCS		33/35			P		
			PCS		1/1		HP:0003676	P		
			PCS		96/151			P		
			PCS		7/151			P		
			PCS		132/151			P		
			PCS		116/151			P		
			PCS		19/151			P		
			PCS		21/151			P		
			PCS		39/151			P		
			PCS		164/354			P		
			PCS		58/354			P		
			PCS		2/3		HP:0012826	P		
			PCS	HP:0030674	4/5			P		
			TAS	HP:0003577		MALE		P		
			PCS	HP:0003623	3/6			P		
			PCS	HP:0030674	1/11			P		
			PCS		36/45			P		
			PCS		68/183		HP:0012833	P		
			PCS		8/100			P		
			PCS		10/120			P		
			PCS		19/183			P		
			PCS		1/63			P		
			PCS		81/148			P		
			PCS		158/355			P		
			PCS		179/415			P		
			PCS		62/63			P		
			PCS		0/100			P		
			PCS		43/48			P		
			PCS		2/63			P		
			PCS		15/294			P		
			PCS		30/48			P		
			PCS		27/100			P		
			PCS		65/111			P		
			PCS		5/58			P		
			PCS	HP:0003621	17/45			P		
			PCS		3/100			P		
			PCS		10/294			P		
			PCS		5/5	FEMALE		C		
			PCS		3/3		HP:0031796	P		
			TAS		23/31			P		
			PCS		7/7		HP:0012829	P		
			PCS		4/4		HP:0012832	P		
			IEA	HP:0003577	6/9			P		
			TAS		38%			P		
			TAS		46%			P		
			PCS		14/17			C		
			IEA		14/17			P		
			PCS		40/43			P		
			PCS		6/57			P		
			PCS		10/56			P		
			PCS		22/52			P		
			PCS		18/41			P		
			PCS		20/57			P		
			PCS		47/51			P		
			PCS		28/56			P		
			PCS		2/57			P		
			PCS		45/57			P		
			PCS		2/2		HP:0031796	P		
			PCS		5/64			P		
			PCS		6/55			P		
			TAS		5/14			P		
			PCS	HP:0003581	11/14			P		
			PCS		1/1		HP:0031375	P		
			PCS		50/385			P		
			PCS		19/437			P		
			PCS		9/328			P		
			PCS		186/300			P		
			PCS		435/546			P		
			PCS		677/781			P		
			IEA		151/357			P		
			PCS		18/267			P		
			PCS		4/641			P		
			PCS		297/457			P		
			PCS		48/56			P		
			PCS		1/148			P		
			PCS		2/163			P		
			PCS		24/439			P		
			PCS		13/274			P		
			PCS		139/554			P		
			PCS		34/354			P		
			PCS		3/148			P		
			PCS		64/476			P		
			PCS		240/533			P		
			PCS		10/300			P		
			PCS		2/223			P		
			PCS		1/118			P		
			PCS		48/128			P		
			PCS		56/365			P		
			PCS		146/224			P		
			PCS		2/137			P		
			PCS		2/145			P		
			PCS		10/238			P		
			PCS	HP:0011463	151/357			P		
			PCS		69/130			P		
			PCS		3/267			P		
			TAS		23%			P		
			IEA		10%			P		
			IEA		0/10			P		
			IEA		1/9			C		
			PCS	HP:0011462	1/12			P		
			PCS	HP:0003621	7/19			P		
			TAS	HP:0003577			HP:0012829	P		
			PCS	HP:0011462	11/11			P		
			PCS		23/34			P		
			TAS		8/34			P		
			IEA		36/36			P		
			PCS		3/36			P		
			PCS		19/34			P		
			PCS		7/7		HP:0025215	P		
			PCS		HP:0040283	MALE		P		
			IEA		10/67			P		
			IEA		21/22			P		
			IEA		63/92			P		
			PCS		54/102			P		
			PCS		40/96			P		
			PCS		36/76			P		
			PCS	HP:0003593	15/16			P		
			PCS	HP:0011463	3/8			P		
			PCS	HP:0011463	5/8			P		
			PCS		1/9		HP:0012833	P		
			IEA		2/5			C		
			PCS	HP:0003577	41/41			P		
			PCS		35/35			C		
			PCS		8/25			C		
			PCS		7/13	MALE		P		
			PCS		6/18		HP:0012825	P		
			PCS		7/18		HP:0012825	P		
			IEA	HP:0003581	24/197			P		
			PCS	HP:0003581	74/197			P		
			IEA		298/524			P		
			PCS		157/524			P		
			TAS		400/524			P		
			PCS		17/524			P		
			PCS		184/534			P		
			PCS		11/58			P		
			IEA		242/524			P		
			PCS		440/524			P		
			PCS		58/524			P		
			PCS		27/58			P		
			PCS		189/524			P		
			PCS		193/524			P		
			PCS		4/58			P		
			PCS		9/58			P		
			PCS		17/58			P		
			PCS		8/35			C		
			PCS		2/76			P		
			PCS		3/35		HP:0012825	P		
			PCS		9/35			C		
			PCS		7/10		HP:0025215	P		
			PCS		10/10		HP:0025215	P		
			PCS	HP:0011462	1/10			P		
			PCS		2/17	MALE		P		
			PCS	HP:0030674	24/29			P		
			IEA	HP:0003577	1/3			P		
			PCS		29/44			P		
			PCS	HP:0030674	55/56			P		
			IEA		31/43			P		
			PCS		41/44			P		
			PCS	HP:0003577	38/41			P		
			PCS		41/46			P		
			PCS	HP:0011463	13/13			P		
			PCS	HP:0011463	9/11			P		
			IEA		3/3		HP:0012825	P		
			PCS		1/5			H		
			PCS	HP:0034197	1/5			P		
			PCS	HP:0034197	2/5			P		
			PCS		2/14		HP:0012825	P		
			PCS		21/39			P		
			PCS		8/36			P		
			PCS		6/36			P		
			PCS	HP:0003593	1/8			P		
			PCS		11/196			P		
			PCS		155/196			P		
			IEA		11/196			P		
			IEA		185/196			P		
			TAS		16/27			P		
			TAS		6/28			P		
			TAS		16/26			P		
			IEA		1/13			P		
			PCS		1/2		HP:0003676	P		
			PCS		2/2		HP:0033184	P		
			PCS	HP:0003623	1/14			P		
			PCS	HP:0003584	3/7			P		
			PCS	HP:0003584	1/1			P		
			PCS	HP:0003584	6/6			P		
			IEA	HP:0003584	1/1			P		
			PCS		5/8		HP:0025292	P		
			PCS	HP:0003623	11/14			P		
			PCS	HP:0003581	3/6			P		
			PCS	HP:0003577	9/17			P		
			PCS	HP:0030674	2/5			P		
			PCS	HP:0011462	4/7			P		
			PCS		8/11		HP:0012828	P		
			PCS		6/11		HP:0012828	P		
			IEA		26/44			P		
			PCS		43/44			P		
			PCS		44/50			C		
			PCS		44/46			P		
			PCS		4/50			C		
			PCS		2/50			C		
			PCS	HP:0011463	18/20			P		
			PCS	HP:0011463	13/19			P		
			PCS		183/207			P		
			IEA		12/14			P		
			PCS		3/111			P		
			PCS		10/115			P		
			PCS		111/115			P		
			PCS		50/84			P		
			PCS		104/122			P		
			PCS		8/130			P		
			PCS		119/119			P		
			PCS	HP:0011461	2/130			P		
			PCS		7/7		HP:0012825;HP:0012825	P		
			TAS		3/5			C		
		NOT	TAS					P		
		NOT	TAS					H		
			TAS		HP:0040284			H		
			TAS		HP:0040280			H		
			TAS		HP:0040282			H		
			TAS		HP:0040281			H		
			TAS		HP:0040281			C		
			TAS		HP:0040284			C		
			TAS		HP:0040281			M		
			TAS		HP:0040282			M		
			TAS		HP:0040283			M		
